dt,sber_close,hedge_close,beta,z,vol_scale,spread_vol,regime,pos_dir,pos_change,sber_qty,hedge_qty,pnl_price,pnl_carry,pnl_commission,pnl_total,pnl_cum,pnl_cum_max,drawdown,ret
2025-01-03,273.2,59.005,0.0,0.0,0.25,,sideways,0.0,0.0,0.0,-0.0,0.0,0.0,-0.0,0.0,0.0,0.0,0.0,0.0
2025-01-06,272.44,58.743,0.0,0.0,0.25,,sideways,0.0,0.0,0.0,-0.0,0.0,0.0,-0.0,0.0,0.0,0.0,0.0,0.0
2025-01-08,276.98,58.632,0.0,0.0,0.25,,sideways,0.0,0.0,0.0,-0.0,0.0,0.0,-0.0,0.0,0.0,0.0,0.0,0.0
2025-01-09,271.8,57.651,0.0,0.0,0.25,,sideways,0.0,0.0,0.0,-0.0,0.0,0.0,-0.0,0.0,0.0,0.0,0.0,0.0
2025-01-10,278.17,57.071,0.0,0.0,0.25,,sideways,0.0,0.0,0.0,-0.0,0.0,0.0,-0.0,0.0,0.0,0.0,0.0,0.0
2025-01-13,281.8,56.86,0.0,0.0,0.25,,sideways,0.0,0.0,0.0,-0.0,0.0,0.0,-0.0,0.0,0.0,0.0,0.0,0.0
2025-01-14,279.73,56.353,0.0,0.0,0.25,,sideways,0.0,0.0,0.0,-0.0,0.0,0.0,-0.0,0.0,0.0,0.0,0.0,0.0
2025-01-15,277.24,55.451,0.0,0.0,0.25,,sideways,0.0,0.0,0.0,-0.0,0.0,0.0,-0.0,0.0,0.0,0.0,0.0,0.0
2025-01-16,282.7,55.351,0.0,0.0,0.25,,sideways,0.0,0.0,0.0,-0.0,0.0,0.0,-0.0,0.0,0.0,0.0,0.0,0.0
2025-01-17,283.9,54.597,0.0,0.0,0.25,,sideways,0.0,0.0,0.0,-0.0,0.0,0.0,-0.0,0.0,0.0,0.0,0.0,0.0
2025-01-20,280.5,54.814,0.0,0.0,0.25,,sideways,0.0,0.0,0.0,-0.0,-0.0,0.0,-0.0,0.0,0.0,0.0,0.0,0.0
2025-01-21,281.08,54.339,0.0,0.0,0.25,,sideways,0.0,0.0,0.0,-0.0,0.0,0.0,-0.0,0.0,0.0,0.0,0.0,0.0
2025-01-22,283.87,54.149,0.0,0.0,0.25,,sideways,0.0,0.0,0.0,-0.0,0.0,0.0,-0.0,0.0,0.0,0.0,0.0,0.0
2025-01-23,278.51,53.4,0.0,0.0,0.25,,sideways,0.0,0.0,0.0,-0.0,0.0,0.0,-0.0,0.0,0.0,0.0,0.0,0.0
2025-01-24,280.72,53.385,0.0,0.0,0.25,,sideways,0.0,0.0,0.0,-0.0,0.0,0.0,-0.0,0.0,0.0,0.0,0.0,0.0
2025-01-27,276.52,52.789,0.0,0.0,0.25,,sideways,0.0,0.0,0.0,-0.0,0.0,0.0,-0.0,0.0,0.0,0.0,0.0,0.0
2025-01-28,278.7,52.788,0.0,0.0,0.25,,sideways,0.0,0.0,0.0,-0.0,0.0,0.0,-0.0,0.0,0.0,0.0,0.0,0.0
2025-01-29,282.0,52.44,0.0,0.0,0.25,,sideways,0.0,0.0,0.0,-0.0,0.0,0.0,-0.0,0.0,0.0,0.0,0.0,0.0
2025-01-30,282.5,52.33,0.0,0.0,0.25,,sideways,0.0,0.0,0.0,-0.0,0.0,0.0,-0.0,0.0,0.0,0.0,0.0,0.0
2025-01-31,280.95,52.15,0.0,0.0,0.25,,sideways,0.0,0.0,0.0,-0.0,0.0,0.0,-0.0,0.0,0.0,0.0,0.0,0.0
2025-02-03,279.22,52.05,0.0,0.0,0.25,,sideways,0.0,0.0,0.0,-0.0,0.0,0.0,-0.0,0.0,0.0,0.0,0.0,0.0
2025-02-04,278.0,51.612,0.0,0.0,0.25,,sideways,0.0,0.0,0.0,-0.0,0.0,0.0,-0.0,0.0,0.0,0.0,0.0,0.0
2025-02-05,280.79,51.934,0.0,0.0,0.25,,sideways,0.0,0.0,0.0,-0.0,0.0,0.0,-0.0,0.0,0.0,0.0,0.0,0.0
2025-02-06,287.15,52.136,0.0,0.0,0.25,,sideways,0.0,0.0,0.0,-0.0,0.0,0.0,-0.0,0.0,0.0,0.0,0.0,0.0
2025-02-07,286.3,52.85,0.6190002015523731,-1.0485353694669375,0.25,,sideways,0.0,0.0,0.0,-0.0,-0.0,0.0,-0.0,0.0,0.0,0.0,0.0,0.0
2025-02-10,293.5,52.802,0.6772894768229083,1.7611634383435781,0.25,,sideways,-1.0,-1.0,-42589.43781942078,236733.45706602023,0.0,-0.23782343987823484,-25.0,-25.237823439878234,-25.237823439878234,0.0,-25.237823439878234,-2.5237823439878236e-07
2025-02-11,293.5,52.705,0.6680725015296195,-0.10537027754738126,0.25,,sideways,0.0,1.0,0.0,-0.0,-22963.14533540427,-2.853881278538813,-24.977036854664593,-22990.976253537472,-23016.21407697735,0.0,-23016.21407697735,-0.00022990976253537472
2025-02-12,294.0,53.575,0.48819249883003,-0.6751569026088754,0.25,,sideways,-1.0,-1.0,-42517.00680272109,233317.77881474566,0.0,-0.23782343987823484,-25.0,-25.237823439878234,-23041.45190041723,0.0,-23041.45190041723,-2.5237823439878236e-07
2025-02-13,310.75,56.8,0.7415830927962193,0.7677689041295277,0.25,,sideways,-1.0,0.0,-40225.26146419952,220070.42253521128,40289.97273197526,-3.2542982946603303,-1.4646097006231305,40285.25382397997,17243.80192356274,17243.80192356274,0.0,0.00040285253823979967
2025-02-14,309.57,54.71,0.6518281802412618,1.3209218012092183,0.25,,sideways,-1.0,0.0,-40378.589656620476,228477.42643026868,-412481.37457083503,-3.080867775830802,-0.5074129916263462,-412484.96285160247,-395241.16092803975,17243.80192356274,-412484.96285160247,-0.004124849628516025
2025-02-17,318.5,55.35,0.6815001485805411,1.3106672954916443,0.25,,sideways,-1.0,0.0,-39246.46781789639,225835.59168925023,-214355.25271824904,-3.1740291032649064,-0.5068063585489933,-214358.93355371087,-609600.0944817506,17243.80192356274,-626843.8964053134,-0.0021435893355371085
2025-02-18,313.03,55.567,0.6599077221845974,-1.6933756155125075,0.25,,sideways,1.0,2.0,39932.27486183433,-224953.6595461335,263684.50236046134,-3.0426914355485786,-49.834328144432675,263631.62534088135,-345968.4691408693,17243.80192356274,-363212.271064432,0.0026363162534088136
2025-02-19,315.0,55.799,0.6581067387930492,0.03640805145849013,0.25,,sideways,0.0,-1.0,0.0,-0.0,26477.332463111896,2.8718416852689077,-25.130855830492518,26455.073448966672,-319513.3956919026,17243.80192356274,-336757.1976154653,0.00026455073448966674
2025-02-20,315.31,56.4,0.6385187394870477,-0.6606847396939446,0.25,,sideways,1.0,1.0,39643.5254194285,-221631.20567375887,0.0,-0.23782343987823484,-25.0,-25.237823439878234,-319538.6335153425,17243.80192356274,-336782.4354389052,-2.5237823439878236e-07
2025-02-21,314.12,56.27,0.6395832646213999,-0.38074483101795986,0.25,,sideways,1.0,0.0,39793.7094104164,-222143.2379598365,-18363.738511532178,2.6052871091516465,-0.07598785198670631,-18361.20921227501,-337899.8427276175,17243.80192356274,-355143.6446511802,-0.00018361209212275012
2025-02-24,315.19,56.337,0.6387794021648175,0.0002996286301543643,0.25,,sideways,0.0,-1.0,0.0,-0.0,27695.67212583619,2.8636025728468364,-25.057462866012454,27673.478265543024,-310226.3644620745,17243.80192356274,-327470.1663856372,0.00027673478265543026
2025-02-25,316.38,56.45,0.637700091564995,-0.011215942039738105,0.25,,sideways,0.0,0.0,0.0,-0.0,0.0,0.0,-0.0,0.0,-310226.3644620745,17243.80192356274,-327470.1663856372,0.0
2025-02-26,312.53,56.847,0.6142554559634573,-1.451345291738573,0.25,,sideways,1.0,1.0,39996.160368604615,-219888.47256671416,-0.0,-0.23782343987823484,-25.0,-25.237823439878234,-310251.60228551435,17243.80192356274,-327495.40420907707,-2.5237823439878236e-07
2025-02-27,309.32,56.71,0.6168750903922733,-0.8313461311343873,0.25,,sideways,1.0,0.0,40411.22462175094,-220419.67906894727,-98262.95404158006,2.586745584143861,-0.15851239552486038,-98260.52580839144,-408512.1280939058,17243.80192356274,-425755.9300174685,-0.0009826052580839144
2025-02-28,307.0,56.652,0.6169821234402938,-0.6686485269286827,0.25,,sideways,1.0,0.0,40716.612377850164,-220645.34350067074,-80969.699736463,2.5946528064408376,-0.10653838250846066,-80967.21162203906,-489479.33971594484,17243.80192356274,-506723.14163950755,-0.0008096721162203906
2025-03-03,303.95,56.51,0.61948867995303,-0.7720499571129468,0.25,,sideways,1.0,0.0,41125.185063332785,-221199.78764820387,-92854.02897534755,2.5877049464796547,-0.15551730652953952,-92851.5967877076,-582330.9365036525,17243.80192356274,-599574.7384272153,-0.000928515967877076
2025-03-04,316.2,56.969,0.6578226652410684,2.428180679655702,0.25,,sideways,-1.0,-2.0,-39531.94180898166,219417.5779810072,402252.81449530035,2.7310769064746934,-50.605314219556355,402204.9402579873,-180125.99624566518,17243.80192356274,-197369.79816922793,0.004022049402579873
2025-03-05,317.5,57.75,0.6408833648834944,-0.5001938980587474,0.25,,sideways,-1.0,0.0,-39370.07874015748,216450.21645021645,119973.60405148976,-3.1034379431548733,-0.2227566527548436,119970.27785689385,-60155.71838877133,17243.80192356274,-77399.52031233408,0.0011997027785689385
2025-03-06,315.79,58.502,0.6109726470050688,-1.1175926332122907,0.25,,sideways,-1.0,0.0,-39583.267361221064,213667.90878944308,230093.39741623178,-3.0763342082239724,-0.2300933974162333,230090.09098862615,169934.37259985483,169934.37259985483,0.0,0.0023009009098862616
2025-03-07,313.16,58.71,0.6045043866537998,-0.8856986880949161,0.25,,sideways,-1.0,0.0,-39915.69804572742,212910.91807187872,148546.91818821503,-3.0679366834490085,-0.14854691818821367,148543.7017046134,318478.07430446823,318478.07430446823,0.0,0.001485437017046134
2025-03-10,317.6,59.262,0.6106557326812959,0.5191080780547411,0.25,,sideways,-1.0,0.0,-39357.682619647356,210927.74459181263,-59698.87254735266,-3.1321672068469626,-0.2947525260987047,-59702.2994670856,258775.77483738263,318478.07430446823,-59702.2994670856,-0.000597022994670856
2025-03-11,320.23,58.732,0.5990002106089926,0.8927023700571736,0.25,,sideways,-1.0,0.0,-39034.443993379755,212831.16529319622,-215302.4099233333,-3.115337299533411,-0.2153024099233345,-215305.74056304275,43470.03427433988,318478.07430446823,-275008.0400301283,-0.0021530574056304276
2025-03-12,318.97,59.011,0.5929414234406287,-0.6356561326792995,0.25,,sideways,-1.0,0.0,-39188.63842994639,211824.9139990849,108563.29454846062,-3.080475631788815,-0.10856329454846203,108560.10550953427,152030.13978387415,318478.07430446823,-166447.93452059408,0.0010856010550953428
2025-03-13,313.02,58.61,0.6080454478288599,-1.1941843874158757,0.25,0.013237029021503149,sideways,-1.0,0.0,-39933.55057184845,213274.18529261218,148230.608144549,-3.0384690109608417,-0.31811418917181605,148227.25156134888,300257.39134522306,318478.07430446823,-18220.68295924517,0.0014822725156134887
2025-03-14,320.15,59.01,0.6211109356140965,1.2682672518431455,0.25,0.013326451387716551,sideways,-1.0,0.0,-39044.19803217242,211828.50364345027,-199416.5414602347,-3.156710703708664,-0.3700358896943255,-199420.06820682812,100837.32313839495,318478.07430446823,-217640.75116607329,-0.001994200682068281
2025-03-17,324.99,59.652,0.6276448256092697,0.49289878985082247,0.25,0.013225341139466345,sideways,-1.0,0.0,-38462.721929905536,209548.71588546905,-52980.019136620016,-3.134849448662645,-0.3249678178148098,-52983.47895388649,47853.84418450845,318478.07430446823,-270624.2301199598,-0.0005298347895388649
2025-03-18,328.2,59.8,0.6289286939769478,0.4889190994297544,0.25,0.013126454351157071,sideways,-1.0,0.0,-38086.53260207191,209030.10033444816,-92452.12744394736,-3.119893151612252,-0.15447854734604616,-92455.40181564633,-44601.557631137875,318478.07430446823,-363079.6319356061,-0.0009245540181564633
2025-03-19,326.0,59.72,0.6308114619193633,-0.5833820831305868,0.25,0.01304321876902185,sideways,-1.0,0.0,-38343.55828220859,209310.11386470194,67067.96369780226,-3.0725744965621256,-0.10051277975131516,67064.79061052595,22463.23297938807,318478.07430446823,-296014.84132508014,0.0006706479061052594
2025-03-20,324.8,59.84,0.6291284454548297,-0.5071677874506463,0.25,0.012951656112903573,sideways,-1.0,0.0,-38485.22167487685,208890.3743315508,71129.48360241506,-3.0811996339561687,-0.07112948360241417,71126.33127329749,93589.56425268555,318478.07430446823,-224888.51005178268,0.0007112633127329749
2025-03-21,322.22,59.365,0.6351425020155272,-0.34575222789409404,0.25,0.012845668228971137,sideways,-1.0,0.0,-38793.37098876543,210561.7788259075,68.944113694728,-3.0690353412660927,-0.19851479972866626,65.67656355373325,93655.24081623928,318478.07430446823,-224822.83348822896,6.567656355373325e-07
2025-03-24,320.68,58.603,0.634653461925421,0.14092110736255353,0.25,0.012730694835280623,sideways,0.0,1.0,0.0,-0.0,-100706.28414264206,-2.8402416001546347,-24.779810133211953,-100733.90419437543,-7078.663378136145,318478.07430446823,-325556.73768260435,-0.0010073390419437543
2025-03-25,317.55,58.356,0.6395672968559586,-0.6696700760301968,0.25,0.012668268755851728,sideways,-1.0,-1.0,-39363.87970398362,214202.48132154363,0.0,-0.23782343987823484,-25.0,-25.237823439878234,-7103.901201576024,318478.07430446823,-325581.9755060442,-2.5237823439878236e-07
2025-03-26,315.94,58.19,0.6415054166955649,-0.3644820825926619,0.25,0.01257157232114812,sideways,-1.0,0.0,-39564.474267265934,214813.54184567797,27818.234424037088,-3.0772353471103315,-0.09893345822279148,27815.058255231754,20711.15705365573,318478.07430446823,-297766.9172508125,0.00027815058255231754
2025-03-27,313.24,57.821,0.6466815671325409,-0.4551156219020191,0.25,0.012485431314300646,sideways,-1.0,0.0,-39905.50376707956,216184.43126199825,27557.88358056244,-3.067315658937226,-0.18609027746267418,27554.63017462604,48265.78722828177,318478.07430446823,-270212.28707618645,0.0002755463017462604
2025-03-28,308.04,57.6,0.65355682047419,-1.2028760595373513,0.25,0.012536530772782375,sideways,-1.0,0.0,-40579.14556551097,217013.88888888888,159731.8602799124,-3.044328321250652,-0.2552853788977116,159728.56066621226,207994.347894494,318478.07430446823,-110483.72640997422,0.0015972856066621226
2025-03-31,310.05,57.301,0.6493279145231042,0.7024975065433543,0.25,0.012483941029624041,bull,-1.0,0.0,-40316.07805192711,218146.28016963054,-146451.23536445433,-3.110326655080672,-0.14645123536445415,-146454.4921423448,61539.85575214922,318478.07430446823,-256938.218552319,-0.0014645449214234479
2025-04-01,306.31,57.555,0.6396007451100946,-1.2561218603253053,0.25,0.012547270026057067,bull,-1.0,0.0,-40808.33142894453,217183.5635479107,206191.2870772934,-3.057279574144397,-0.2061912870772942,206188.0236064322,267727.8793585814,318478.07430446823,-50750.19494588685,0.002061880236064322
2025-04-02,304.3,57.22,0.6427681530718724,-0.291020970962347,0.25,0.01245431990000531,bull,-1.0,0.0,-41077.88366743345,218455.08563439356,9268.252383627885,-3.0729776074188333,-0.1547812399607281,9265.024624780506,276992.9039833619,318478.07430446823,-41485.17032110633,9.265024624780507e-05
2025-04-03,298.4,56.498,0.6611904900730776,-0.9371558270002379,0.25,0.012443529469927274,bull,-1.0,0.0,-41890.080428954425,221246.76979716096,84634.94180982633,-3.036371496125299,-0.4000840854658907,84631.50535424473,361624.40933760663,361624.40933760663,0.0,0.0008463150535424473
2025-04-04,288.77,55.865,0.6927707636156387,-1.9424476341816546,0.25,0.012733114738661804,bull,1.0,2.0,43287.04505315649,-223753.69193591693,263352.269249229,-2.9996039251451685,-49.45654932018757,263299.81309598364,624924.2224335903,624924.2224335903,0.0,0.0026329981309598364
2025-04-07,288.15,55.151,0.685951371233844,0.49754059465828776,0.25,0.012659294322276679,bull,1.0,0.0,43380.183931979875,-226650.46871316928,132922.16810928716,2.6099304487215464,-0.18659810397520185,132924.5914416319,757848.8138752222,757848.8138752222,0.0,0.001329245914416319
2025-04-08,290.91,55.8,0.6858267487538197,0.09298957118933686,0.25,0.012563860250875275,bull,0.0,-1.0,0.0,-0.0,-27366.846542578947,2.88121673690691,-25.26682546184711,-27389.232151303888,730459.5817239183,757848.8138752222,-27389.232151303906,-0.0002738923215130389
2025-04-09,283.72,54.707,0.7109832370739942,-0.8740080666261646,0.25,0.012542543138372246,bull,1.0,1.0,44057.521500070485,-228489.95558155264,0.0,-0.23782343987823484,-25.0,-25.237823439878234,730434.3439004784,757848.8138752222,-27414.469974743784,-2.5237823439878236e-07
2025-04-10,292.21,55.873,0.7404531105363676,1.095551134865897,0.25,0.012563011852934236,bull,1.0,0.0,42777.45457034325,-223721.6544663791,107629.06932750664,2.7014570070477,-0.6404676457436851,107631.13031686794,838065.4742173464,838065.4742173464,0.0,0.0010763113031686795
2025-04-11,298.55,56.794,0.7534085169660416,0.700647871142482,0.25,0.012516906314717434,bull,1.0,0.0,41869.03366270306,-220093.6718667465,65161.41821244254,2.6779777158240434,-0.477256705739513,65163.61893345263,903229.093150799,903229.093150799,0.0,0.0006516361893345263
2025-04-14,297.07,56.8,0.7530262466013692,-0.43917707832854275,0.25,0.012444583647792917,bull,1.0,0.0,42077.624802235165,-220070.42253521128,-63286.73185200182,2.60191031130423,-0.06328673185200188,-63284.193228422366,839944.8999223767,903229.093150799,-63284.193228422315,-0.0006328419322842237
2025-04-15,297.2,56.571,0.7524106381613663,0.24265910803730106,0.25,0.012361835390759426,bull,0.0,-1.0,0.0,-0.0,55866.21798485359,2.8551301578137647,-24.955073964463725,55844.11804104694,895789.0179634236,903229.093150799,-7440.07518737542,0.0005584411804104693
2025-04-16,302.7,56.96,0.7606231367889208,1.0210029871389983,0.25,0.012366811808899534,bull,1.0,1.0,41295.01156260324,-219452.24719101124,0.0,-0.23782343987823484,-25.0,-25.237823439878234,895763.7801399837,903229.093150799,-7465.313010815298,-2.5237823439878236e-07
2025-04-17,301.24,57.149,0.7573445911978729,-0.6394535535032384,0.25,0.012316840096343021,bull,1.0,0.0,41495.15336608684,-218726.48690265795,-101767.19160050101,2.602292834806377,-0.1017671916004999,-101764.69107485781,793999.0890651259,903229.093150799,-109230.00408567314,-0.001017646910748578
2025-04-18,300.93,56.808,0.7564098168593743,0.23734886540553332,0.25,0.012238058131140074,bull,0.0,-1.0,0.0,-0.0,61722.23449031959,2.8509444069535417,-24.912550770422705,61700.172883956126,855699.261949082,903229.093150799,-47529.831201717025,0.0006170017288395612
2025-04-21,307.68,57.05,0.7641942016010298,1.4866013444828996,0.25,0.012341887216921501,bull,1.0,1.0,40626.6250650026,-219106.04732690623,0.0,-0.23782343987823484,-25.0,-25.237823439878234,855674.0241256421,903229.093150799,-47555.0690251569,-2.5237823439878236e-07
2025-04-22,310.33,57.151,0.7652685342413728,0.5166670463644955,0.25,0.0122822991844899,bull,1.0,0.0,40279.702252440955,-218718.83256635928,85530.84564223708,2.6406378743734216,-0.12979026720227338,85533.35648984424,941207.3806154864,941207.3806154864,0.0,0.0008553335648984424
2025-04-23,311.79,57.105,0.7651286376585095,0.3562818550340512,0.25,0.012212486389172878,bull,1.0,0.0,40091.086949549375,-218895.01794939148,68869.4315866192,2.629484406078059,-0.06886943158661897,68871.99220159369,1010079.3728170801,1010079.3728170801,0.0,0.0006887199220159369
2025-04-24,309.77,57.431,0.7577025918854585,-0.9522145090442269,0.25,0.012206027460251316,bull,1.0,0.0,40352.51961132453,-217652.48733262526,-152343.77148959303,2.5975683419395525,-0.15234377148959133,-152341.32626502257,857738.0465520576,1010079.3728170801,-152341.3262650225,-0.0015234132626502257
2025-04-25,316.37,57.722,0.7655321110319586,1.3364896040612182,0.25,0.012269831663250085,bull,1.0,0.0,39510.6994974239,-216555.21291708533,202989.75562094804,2.6768630051981903,-0.3296635032485393,202992.10282045,1060730.1493725076,1060730.1493725076,0.0,0.0020299210282045
2025-04-28,317.77,57.511,0.7638817602001042,0.5004354671981258,0.25,0.012212276320869206,bull,1.0,0.0,39336.62712024421,-217349.72440054946,101008.12922189725,2.6286868293675165,-0.1010081292218959,101010.6569005974,1161740.806273105,1161740.806273105,0.0,0.001010106569005974
2025-04-29,310.7,57.23,0.7728985303571635,-1.5685612951589387,0.25,0.012327706281732926,bull,1.0,0.0,40231.73479240425,-218416.9142058361,-217034.6811835706,2.552562415432239,-0.33918522629667913,-217032.46780638146,944708.3384667237,1161740.806273105,-217032.4678063814,-0.0021703246780638147
2025-04-30,306.62,57.49,0.7644307608952879,-1.3914405358923931,0.25,0.012401415919154585,bull,1.0,0.0,40767.073250277215,-217429.11810749694,-220933.87564652722,2.578581702141626,-0.22093387564652803,-220931.51799870073,723776.820468023,1161740.806273105,-437963.98580508213,-0.0022093151799870074
2025-05-02,300.75,57.029,0.7751028520092584,-1.0806545184977334,0.25,0.012415205653627054,bull,1.0,0.0,41562.75976724854,-219186.7295586456,-139067.89653157166,2.56142251446443,-0.33953754342668396,-139065.67464660062,584711.1458214223,1161740.806273105,-577029.6604516828,-0.001390656746466006
2025-05-05,292.41,56.33,0.7967900909812662,-1.458333746368374,0.25,0.012502299114823277,bull,1.0,0.0,42748.19602612769,-221906.62169359135,-193421.89249735742,2.5369177892407486,-0.49984494042034594,-193419.8554245086,391291.29039691377,1161740.806273105,-770449.5158761913,-0.001934198554245086
2025-05-06,303.13,56.549,0.8097670792457926,2.5398615756686933,0.25,0.012935145506523619,bull,-1.0,-2.0,-41236.43321347277,221047.23337282712,409663.1112491908,2.7206835604414197,-50.50685821155098,409615.3250745397,800906.6154714534,1161740.806273105,-360834.1908016517,0.004096153250745397
2025-05-07,302.9,56.969,0.8036722051222128,-0.5666711965519807,0.25,0.012884081290492856,bull,-1.0,0.0,-41267.745130406074,219417.5779810072,102324.21765568724,-3.089539334937801,-0.10232421765568794,102321.02579213465,903227.6412635881,1161740.806273105,-258513.165009517,0.0010232102579213465
2025-05-08,301.95,57.471,0.7938485120526719,-0.8228121416377815,0.25,0.012860542031679223,bull,-1.0,0.0,-41397.58238118894,217501.00050460233,149351.98202034988,-3.082753951779174,-0.14935198202035124,149348.74991441608,1052576.3911780042,1161740.806273105,-109164.41509510088,0.0014934874991441608
2025-05-12,310.46,57.449,0.7935000483566866,2.1113908062233455,0.25,0.013128031796159212,sideways,-1.0,0.0,-40262.83579205051,217584.29215478076,-357078.4480750184,-3.1721370074727364,-0.3570784480750192,-357081.97729047394,695494.4138875303,1161740.806273105,-466246.39238557476,-0.003570819772904739
2025-05-13,312.5,57.087,0.7881272270945968,0.8125621234147128,0.25,0.013103319614774574,bull,-1.0,0.0,-40000.0,218964.0373465062,-160901.69877581336,-3.1104572720736194,-0.16090169877581367,-160904.9701347842,534589.4437527461,1161740.806273105,-627151.362520359,-0.001609049701347842
2025-05-14,311.2,57.28,0.7852237564000809,-0.5835853963005218,0.25,0.013055323074868083,bear,-1.0,0.0,-40167.09511568124,218226.25698324022,94260.05920787567,-3.079832572298326,-0.09426005920787618,94256.88511524416,628846.3288679903,1161740.806273105,-532894.4774051148,0.0009425688511524417
2025-05-15,302.51,57.12,0.7914965706147333,-1.9756829627272252,0.25,0.013274441027654824,bear,1.0,2.0,41320.94806783247,-218837.5350140056,314135.85543795064,-3.0120124680619633,-49.616031742327415,314083.22739374026,942929.5562617306,1161740.806273105,-218811.25001137448,0.003140832273937403
2025-05-16,305.46,57.016,0.7901599321240411,0.7971912580141312,0.25,0.01324844263352637,bear,1.0,0.0,40921.8882996137,-219236.70548617933,144655.9004415617,2.6438881575647115,-0.1446559004415608,144658.3996738188,1087587.9559355495,1161740.806273105,-74152.85033755563,0.001446583996738188
2025-05-19,311.2,57.45,0.7981275080640927,0.9033963945507032,0.25,0.013235859870903248,bear,1.0,0.0,40167.09511568124,-217580.50478677108,139742.9086587802,2.669686066706191,-0.3300403690207874,139745.2483044779,1227333.2042400273,1227333.2042400273,0.0,0.0013974524830447789
2025-05-20,305.2,57.35,0.8007895585492293,-1.386612044753842,0.25,0.013303505450104435,bear,1.0,0.0,40956.749672346006,-217959.8953792502,-219244.52021541,2.5610344206938915,-0.26276062117276494,-219242.2219416105,1008090.9822984168,1227333.2042400273,-219242.22194161057,-0.002192422219416105
2025-05-21,303.58,57.687,0.7944799555287729,-0.7852787606765491,0.25,0.013276923338741062,bear,1.0,0.0,41175.30799130378,-216686.60183403542,-139802.4192120072,2.6009094517954634,-0.1398024192120059,-139799.9581049746,868291.0241934422,1227333.2042400273,-359042.18004658516,-0.0013979995810497459
2025-05-22,304.25,57.44,0.7929284176529366,0.38575265941795994,0.25,0.01321794782544782,bear,1.0,0.0,41084.63434675431,-217618.38440111422,81109.04700718091,2.6223563446775127,-0.08110904700718194,81111.58825447859,949402.6124479207,1227333.2042400273,-277930.5917921066,0.0008111158825447859
2025-05-23,302.22,57.7,0.7879770275605297,-0.8057545227437547,0.25,0.013194329349262198,bear,1.0,0.0,41360.59823969293,-216637.7816291161,-139982.58766820093,2.5970163300478126,-0.13998258766820135,-139980.13063445853,809422.4818134622,1227333.2042400273,-417910.72242656513,-0.0013998013063445853
2025-05-26,296.37,57.028,0.7995946086629997,-0.7844617157124213,0.25,0.01316867706411383,bear,1.0,0.0,42177.0084691433,-219190.5730518342,-96378.9104474377,2.5608159437513986,-0.38754008895697273,-96376.73717158289,713045.7446418793,1227333.2042400273,-514287.459598148,-0.0009637673717158289
2025-05-27,299.5,56.999,0.7994068936438745,0.8043644027917674,0.25,0.013145465238348178,bear,1.0,0.0,41736.227045075124,-219302.09301917578,138370.56312692072,2.646198029644235,-0.13837056312692222,138373.07095438722,851418.8155962665,1227333.2042400273,-375914.3886437608,0.0013837307095438721
2025-05-28,306.54,57.22,0.8064317545004862,1.4955064008245063,0.25,0.013229866435909284,bull,1.0,0.0,40777.71253343772,-218455.08563439356,245357.27584009265,2.6831407241394203,-0.34228880095456854,245359.61669201584,1096778.4322882823,1227333.2042400273,-130554.77195174503,0.0024535961669201584
2025-05-29,307.0,57.58,0.8035309154494618,-0.3118663754264561,0.25,0.013170615595617748,bear,1.0,0.0,40716.612377850164,-217089.26710663424,-59886.08306300104,2.6203404294745916,-0.09740157859376088,-59883.56012415016,1036894.8721641322,1227333.2042400273,-190438.33207589516,-0.0005988356012415016
2025-05-30,309.19,57.894,0.8041845900661864,0.1658500208971114,0.25,0.013107679721296398,bear,0.0,-1.0,0.0,-0.0,21003.351236008602,2.874239584727738,-25.157335410978973,20981.068140182353,1057875.9403043145,1227333.2042400273,-169457.26393571286,0.00020981068140182353
2025-06-02,310.99,58.448,0.8013928770517413,-0.18378924042974015,0.25,0.013046055368493155,bear,0.0,0.0,0.0,-0.0,0.0,0.0,-0.0,0.0,1057875.9403043145,1227333.2042400273,-169457.26393571286,0.0
2025-06-03,313.86,58.88,0.8026106736807743,0.20940013159110804,0.25,0.012985946882495663,bull,0.0,0.0,0.0,-0.0,0.0,0.0,-0.0,0.0,1057875.9403043145,1227333.2042400273,-169457.26393571286,0.0
2025-06-04,314.17,59.297,0.7988966360582479,-0.40183682437219354,0.25,0.012934005822397865,bear,1.0,1.0,39787.37626125982,-210803.24468354217,0.0,-0.23782343987823484,-25.0,-25.237823439878234,1057850.7024808747,1227333.2042400273,-169482.50175915263,-2.5237823439878236e-07
2025-06-05,318.0,59.221,0.7974867741003037,0.971777564583706,0.25,0.012931133302999121,bear,1.0,0.0,39308.17610062893,-211073.77450566523,168406.6976765738,2.650849083199533,-0.16840669767657332,168409.1801189593,1226259.8825998341,1227333.2042400273,-1073.3216401932295,0.0016840918011895932
2025-06-06,313.03,58.699,0.8051576804107479,-0.704832549473708,0.25,0.012900832192490011,bear,1.0,0.0,39932.27486183433,-212950.81687933355,-85181.12492816993,2.571454725596622,-0.3055421455120832,-85178.85901558984,1141081.0235842443,1227333.2042400273,-86252.18065578304,-0.0008517885901558985
2025-06-09,310.12,58.898,0.801280266686789,-0.9658833257471506,0.25,0.012897316018282912,bear,1.0,0.0,40306.977944021666,-212231.31515501376,-158580.1324069251,2.5895274916633317,-0.1585801324069233,-158577.70145956587,982503.3221246784,1227333.2042400273,-244829.88211534894,-0.0015857770145956587
2025-06-10,309.38,59.244,0.7971259529077056,-0.5789859875168438,0.25,0.0128579883762551,bear,1.0,0.0,40403.387420001294,-210991.83039632704,-103259.19872221042,2.6092479839394414,-0.1032591987222128,-103256.6927334252,879246.6293912532,1227333.2042400273,-348086.5748487741,-0.0010325669273342519
2025-06-11,313.29,59.498,0.7999939333289325,0.6823484129255989,0.25,0.012826834110131899,bear,1.0,0.0,39899.13498675349,-210091.09549900837,104385.31989153948,2.6521257027729535,-0.21156916973287165,104387.76044807251,983634.3898393258,1227333.2042400273,-243698.81440070155,0.0010438776044807252
2025-06-13,310.01,59.5,0.8000884398574449,-0.8472318103013791,0.25,0.012810791488547059,bear,1.0,0.0,40321.27995871101,-210084.03361344538,-131289.34494755114,2.5861790343782602,-0.13128934494755,-131286.89005786172,852347.4997814641,1227333.2042400273,-374985.70445856324,-0.0013128689005786171
2025-06-16,311.71,59.05,0.7933314771590638,0.8617345440274177,0.25,0.012796347629277198,bear,1.0,0.0,40101.376279233904,-211685.0127011008,163083.99105585928,2.6317076505166987,-0.16308399105586122,163086.45967951874,1015433.9594609828,1227333.2042400273,-211899.24477904453,0.0016308645967951874
2025-06-17,314.18,58.89,0.7912645449107993,0.7459137732758653,0.25,0.012771362724316535,bear,1.0,0.0,39786.109873321024,-212260.14603498048,132920.00144188426,2.6386720851011503,-0.1329200014418841,132922.50719396793,1148356.4666549508,1227333.2042400273,-78976.7375850766,0.0013292250719396793
2025-06-18,313.8,59.248,0.7875209977388903,-0.50913987612129,0.25,0.012729834177291994,bear,1.0,0.0,39834.289356277885,-210977.58574129085,-91107.85403238419,2.6126060757035314,-0.09110785403238622,-91105.33253416252,1057251.1341207882,1227333.2042400273,-170082.07011923916,-0.0009110533253416252
2025-06-19,312.8,59.642,0.7821807205043121,-0.6924929616892661,0.25,0.012701108291485175,bear,1.0,0.0,39961.6368286445,-209583.85030683075,-122959.45813834763,2.606963252049556,-0.12295945813834672,-122956.97413455372,934294.1599862345,1227333.2042400273,-293039.04425379285,-0.0012295697413455373
2025-06-20,309.76,59.947,0.775973042653635,-1.099059407029263,0.25,0.01271318798450474,bear,1.0,0.0,40353.82231404959,-208517.5238127012,-185406.4503026634,2.588321908076313,-0.185406450302665,-185404.04738720562,748890.1125990289,1227333.2042400273,-478443.0916409985,-0.0018540404738720561
2025-06-23,310.97,59.436,0.7690969565804918,0.7948671567054597,0.25,0.012693356999803477,bear,1.0,0.0,40196.803550181685,-210310.24968032842,155380.57966829237,2.6272058124048705,-0.15538057966829383,155383.0514935251,904273.164092554,1227333.2042400273,-323060.04014747334,0.0015538305149352509
2025-06-24,310.82,59.634,0.7679778298981733,-0.26768748763469874,0.25,0.012643329444584704,bear,1.0,0.0,40216.20230358407,-209611.96632793374,-47670.949969233734,2.61468123579927,-0.047670949969232955,-47668.38295894791,856604.7811336061,1227333.2042400273,-370728.42310642125,-0.0004766838295894791
2025-06-25,314.1,59.91,0.7701803956244627,0.5227098349861072,0.25,0.012604695497050398,bull,1.0,0.0,39796.24323463865,-208646.3027875146,74056.24084924799,2.646174081481527,-0.18976204626226664,74058.69726128322,930663.4783948893,1227333.2042400273,-296669.7258451381,0.0007405869726128322
2025-06-26,313.51,60.199,0.7675818598881988,-0.47205675620326204,0.25,0.012563834993280691,bull,1.0,0.0,39871.13648687442,-207644.64525988806,-83778.5650140301,2.6106971574942683,-0.0837785650140275,-83776.03809543762,846887.4402994517,1227333.2042400273,-380445.76394057565,-0.0008377603809543761
2025-06-27,314.59,60.512,0.766727431610144,-0.07245234714772103,0.25,0.012512070860853748,bull,0.0,-1.0,0.0,-0.0,-21931.94656052172,2.863712517672562,-25.108053601372166,-21954.19090160542,824933.2493978463,1227333.2042400273,-402399.95484218106,-0.0002195419090160542
2025-06-30,316.78,61.257,0.7664731191496715,-0.2151631058009617,0.25,0.012463275501649763,bull,0.0,0.0,0.0,-0.0,0.0,0.0,-0.0,0.0,824933.2493978463,1227333.2042400273,-402399.95484218106,0.0
2025-07-01,319.05,61.142,0.7549638573975828,0.6583028239683999,0.25,0.01243467219651107,bull,1.0,1.0,39178.81209841718,-204442.11834745345,0.0,-0.23782343987823484,-25.0,-25.237823439878234,824908.0115744064,1227333.2042400273,-402425.19266562094,-2.5237823439878236e-07
2025-07-02,318.54,61.649,0.7766727083238593,-0.6721910959350318,0.25,0.012407335317659288,bull,1.0,0.0,39241.53952407861,-202760.79092929326,-123633.34817235087,2.6114959221833653,-0.12363334817235025,-123630.86030977686,701277.1512646296,1227333.2042400273,-526056.0529753978,-0.0012363086030977685
2025-07-03,321.01,61.561,0.7809058020667127,0.7163068940860529,0.25,0.0123810588751766,bull,1.0,0.0,38939.59689729292,-203050.6327057715,114769.552226251,2.6381871999903663,-0.1147695522262521,114772.07564389877,816049.2269085284,1227333.2042400273,-411283.977331499,0.0011477207564389877
2025-07-04,319.27,61.579,0.7803249794899864,-0.47636579106906446,0.25,0.012343453053683659,bull,1.0,0.0,39151.815078147025,-202991.2794946329,-71409.80998999406,2.6005886837287764,-0.07140980998999445,-71407.28081112032,744641.9460974081,1227333.2042400273,-482691.2581426193,-0.0007140728081112032
2025-07-07,313.0,61.5,0.7885040431210295,-1.5238091259735034,0.25,0.012408512746502611,bull,1.0,0.0,39936.10223642173,-203252.0325203252,-229445.569459905,2.5600117472130934,-0.2615181916200588,-229443.27096634943,515198.67513105867,1227333.2042400273,-712134.5291089687,-0.0022944327096634945
2025-07-08,315.3,61.522,0.7931555192015879,0.5838589039535568,0.25,0.012374758595593218,bull,1.0,0.0,39644.78274659055,-203179.3504762524,87381.49042832358,2.6370288512504803,-0.09632457985921736,87384.03113259497,602582.7062636537,1227333.2042400273,-624750.4979763736,0.0008738403113259497
2025-07-09,309.5,60.763,0.822598468792029,-0.6662182918464864,0.25,0.012349170173078941,bull,1.0,0.0,40387.72213247173,-205717.29506443065,-75726.61291875,2.5635601811422615,-0.3841528669417004,-75724.43351143581,526858.272752218,1227333.2042400273,-700474.9314878094,-0.0007572443351143582
2025-07-10,314.22,61.344,0.8321450683757696,0.5987402529879103,0.25,0.012317282329532766,bull,1.0,0.0,39781.04512761759,-203768.90975482523,71108.30003283282,2.659580680775936,-0.31015179689770417,71110.64946171669,597968.9222139346,1227333.2042400273,-629364.2820260928,0.0007111064946171669
2025-07-11,310.42,61.189,0.8431400870055281,-0.8120271387337178,0.25,0.012302224494651643,bull,1.0,0.0,40268.023967527864,-204285.08392031246,-119583.79047294914,2.5815446031617313,-0.18275215249694615,-119581.39168049848,478387.5305334361,1227333.2042400273,-748945.6737065912,-0.0011958139168049848
2025-07-14,316.56,61.2,0.8467864470064523,1.598936653540547,0.25,0.012371301884866997,bull,-1.0,-2.0,-39486.98508971443,204248.36601307188,244998.53123749653,2.6725066211173405,-50.24949280308374,244950.95425131454,723338.4847847506,1227333.2042400273,-503994.71945527673,0.0024495095425131454
2025-07-15,319.98,62.292,0.8306015990951578,-0.34097084446508813,0.25,0.012330351071230473,bull,-1.0,0.0,-39064.94155884742,200667.82251332432,87993.72667945025,-3.1225370218432627,-0.35808470469309905,87990.2460577237,811328.7308424744,1227333.2042400273,-416004.47339755297,0.000879902460577237
2025-07-16,321.6,62.556,0.8321185283961131,0.12043887304242662,0.25,0.01228473986119901,bull,0.0,1.0,0.0,-0.0,-10308.900181816221,-2.8683299555537287,-25.116261510468846,-10336.884773282245,800991.8460691922,1227333.2042400273,-426341.3581708352,-0.00010336884773282245
2025-07-17,325.92,62.8,0.8277553218199247,0.8204092742048553,0.25,0.01226870983610739,bull,-1.0,-1.0,-38352.97005400098,199044.58598726115,0.0,-0.23782343987823484,-25.0,-25.237823439878234,800966.6082457523,1227333.2042400273,-426366.59599427506,-2.5237823439878236e-07
2025-07-18,308.13,63.335,0.79051437646215,-4.586859247381314,0.25,0.013310683527548628,bear,1.0,2.0,40567.29302567098,-197363.22728349254,788788.1907638636,-2.9359286140196326,-49.4241895162425,788735.8306457334,1589702.4388914858,1589702.4388914858,0.0,0.007887358306457334
2025-07-21,309.8,63.497,0.8036054221313749,0.2810434675981292,0.25,0.013265295464085045,bear,1.0,0.0,40348.61200774693,-196859.69415877917,35774.53653294558,2.6315252768689956,-0.09972022217279547,35777.06833800028,1625479.507229486,1625479.507229486,0.0,0.0003577706833800028
2025-07-22,310.39,63.299,0.802846391362586,0.3579251108154225,0.25,0.01322261507787577,bull,1.0,0.0,40271.91597667451,-197475.47354618556,62783.90052800804,2.621492925666187,-0.06278390052800711,62786.45923703318,1688265.9664665193,1688265.9664665193,0.0,0.0006278645923703318
2025-07-23,313.44,63.499,0.8027970334647337,0.5666977087249,0.25,0.013189533673018125,bear,1.0,0.0,39880.04083716182,-196853.49375580717,83334.24901962002,2.6441010678224175,-0.16232443843809474,83336.73079624941,1771602.6972627686,1771602.6972627686,0.0,0.000833367307962494
2025-07-24,310.39,63.699,0.7998694852773592,-0.8988067399331949,0.25,0.013182833148149704,bear,1.0,0.0,40271.91597667451,-196235.4197083157,-161004.8233045046,2.5882874905890385,-0.16100482330450328,-161002.3960218373,1610600.3012409313,1771602.6972627686,-161002.39602183737,-0.001610023960218373
2025-07-25,309.8,63.966,0.8013798484757085,-0.3730675693111185,0.25,0.013143197719452514,bear,1.0,0.0,40348.61200774693,-195416.3149172998,-76155.28748835783,2.6106330828555007,-0.07615528748835894,-76152.75301056246,1534447.5482303689,1771602.6972627686,-237155.14903239976,-0.0007615275301056246
2025-07-28,304.39,64.102,0.7986179420798415,-1.390959681874276,0.25,0.013193322379898894,bear,1.0,0.0,41065.73803344394,-195001.71601510092,-244862.60979066524,2.5662208544226983,-0.2448626097906649,-244860.28843242064,1289587.2597979482,1771602.6972627686,-482015.43746482045,-0.0024486028843242066
2025-07-29,307.43,63.982,0.7907179194189158,0.9118198708732745,0.25,0.013183313525363895,bull,1.0,0.0,40659.66236216374,-195367.44709449532,148240.04954348342,2.6445600860627856,-0.14824004954348344,148242.54586351995,1437829.805661468,1771602.6972627686,-333772.89160130057,0.0014824254586351994
2025-07-30,303.86,64.203,0.8029406378203662,-1.0333182115388477,0.25,0.013190415779026687,bull,1.0,0.0,41137.36589218719,-194694.95194928584,-188331.20044080843,2.582917428927033,-0.18833120044080973,-188328.80585457996,1249500.9998068882,1771602.6972627686,-522101.69745588046,-0.0018832880585457996
2025-07-31,305.35,64.038,0.8062141670825301,0.5949718098721047,0.25,0.013158506190397113,bull,1.0,0.0,40936.630096610446,-195196.6020175521,93419.34225099266,2.630052056738057,-0.09341934225099342,93421.87888370713,1342922.8786905953,1771602.6972627686,-428679.81857217336,0.0009342187888370713
2025-08-01,304.2,63.98,0.8074816241396506,-0.16726603213998903,0.25,0.013115426478222393,bull,0.0,-1.0,0.0,-0.0,-35755.72169408543,2.8431330765728076,-24.941601472471877,-35777.82016248132,1307145.0585281139,1771602.6972627686,-464457.63873465476,-0.0003577782016248132
2025-08-04,307.69,64.072,0.8223891581139314,0.8385041262044483,0.25,0.013099340665719775,bull,1.0,1.0,40625.304689785175,-195093.02035210386,0.0,-0.23782343987823484,-25.0,-25.237823439878234,1307119.820704674,1771602.6972627686,-464482.8765580945,-2.5237823439878236e-07
2025-08-05,307.76,64.235,0.7545213193151321,-0.06645192094698729,0.25,0.013055611663746339,bear,0.0,-1.0,0.0,-0.0,-28956.3909891076,2.8545305413991517,-25.034643933645675,-28978.571102499845,1278141.2496021744,1771602.6972627686,-493461.44766059425,-0.00028978571102499846
2025-08-06,304.67,64.099,0.9227016346454974,-0.5432839830927764,0.25,0.01302775709219628,bear,1.0,1.0,41027.99750549775,-195010.84260284872,0.0,-0.23782343987823484,-25.0,-25.237823439878234,1278116.0117787346,1771602.6972627686,-493486.685484034,-2.5237823439878236e-07
2025-08-07,313.1,64.656,0.9145918737893081,1.609403212140902,0.25,0.01308534594429935,bull,-1.0,-2.0,-39923.34717342702,193330.85869834197,237244.97964155918,2.695022683174584,-50.45448705830113,237197.22017718406,1515313.2319559187,1771602.6972627686,-256289.46530684992,0.0023719722017718405
2025-08-08,316.0,64.8,0.9248970001724345,0.627410983777426,0.25,0.013055364515515826,bull,-1.0,0.0,-39556.962025316454,192901.23456790124,-87938.0631503779,-3.1181379848104123,-0.14361735045549837,-87941.32490571318,1427371.9070502056,1771602.6972627686,-344230.790212563,-0.0008794132490571318
2025-08-11,317.98,65.3,0.9233596852013274,0.0017500963488309331,0.25,0.013012514477305148,bull,0.0,1.0,0.0,-0.0,18127.83247382332,-2.871763192879024,-25.174773402094072,18099.78593722835,1445471.6929874339,1771602.6972627686,-326131.00427533477,0.0001809978593722835
2025-08-12,318.85,65.53,0.9368485125368382,0.021320433004864185,0.25,0.012969986037463183,bull,0.0,0.0,0.0,-0.0,0.0,0.0,-0.0,0.0,1445471.6929874339,1771602.6972627686,-326131.00427533477,0.0
2025-08-13,319.1,65.427,0.9348150107433897,0.23821568297876372,0.25,0.012929135814378505,bull,0.0,0.0,0.0,-0.0,0.0,0.0,-0.0,0.0,1445471.6929874339,1771602.6972627686,-326131.00427533477,0.0
2025-08-14,318.61,65.2,0.9326262153076289,0.1956837478833799,0.25,0.012888113917183655,bull,0.0,0.0,0.0,-0.0,0.0,0.0,-0.0,0.0,1445471.6929874339,1771602.6972627686,-326131.00427533477,0.0
2025-08-15,319.99,65.772,0.9285095944710337,-0.23067072960404378,0.25,0.012850292974542486,bull,0.0,0.0,0.0,-0.0,0.0,0.0,-0.0,0.0,1445471.6929874339,1771602.6972627686,-326131.00427533477,0.0
2025-08-18,316.89,65.849,0.9466008972006602,-0.7822417417513273,0.25,0.012837786446625258,bull,-1.0,-1.0,-39445.86449556629,189828.2434053668,-0.0,-0.23782343987823484,-25.0,-25.237823439878234,1445446.455163994,1771602.6972627686,-326156.2420987745,-2.5237823439878236e-07
2025-08-19,317.0,66.709,0.9198563668492944,-0.847379295953683,0.25,0.01282980914901032,bull,-1.0,0.0,-39432.176656151416,187381.013056709,158913.24423410252,-3.0926953679820053,-0.16759133442312918,158909.9839474001,1604356.439111394,1771602.6972627686,-167246.25815137452,0.001589099839474001
2025-08-20,314.66,66.036,0.9121879077137146,0.2023734832333402,0.25,0.012790392054522724,bull,0.0,1.0,0.0,-0.0,-33836.128411772166,-2.8328147732019646,-24.78162128483744,-33863.7428478302,1570492.6962635638,1771602.6972627686,-201110.0009992048,-0.000338637428478302
2025-08-21,311.34,65.607,0.9127752045865747,-0.3048519131866446,0.25,0.012755160145279543,bull,-1.0,-1.0,-40149.03321128028,190528.44970811042,0.0,-0.23782343987823484,-25.0,-25.237823439878234,1570467.458440124,1771602.6972627686,-201135.23882264458,-2.5237823439878236e-07
2025-08-22,312.0,65.28,0.8657819805106329,0.5996440654354156,0.25,0.012726196116029478,bull,-1.0,0.0,-40064.10256410256,191482.8431372549,-88801.16497399774,-3.097754572736556,-0.08880116497399974,-88804.35152973546,1481663.1069103887,1771602.6972627686,-289939.59035237995,-0.0008880435152973546
2025-08-25,311.97,64.8,0.8700109625448249,0.5807707553606607,0.25,0.012696969600835951,bull,-1.0,0.0,-40067.95525210757,192901.23456790124,-90709.84162896113,-3.0914303067556497,-0.09311368778280332,-90713.02617295567,1390950.080737433,1771602.6972627686,-380652.6165253357,-0.0009071302617295567
2025-08-26,311.21,64.55,0.9018735470092222,0.14637647615814908,0.25,0.012658292209315481,sideways,0.0,1.0,0.0,-0.0,-17773.662650371643,-2.846928847947122,-24.92132304536642,-17801.430902264958,1373148.649835168,1771602.6972627686,-398454.0474276007,-0.00017801430902264959
2025-08-27,312.99,64.456,0.9039397302129657,0.621946037341641,0.25,0.012631932597891728,bear,-1.0,-1.0,-39937.37819099652,193930.74345289808,0.0,-0.23782343987823484,-25.0,-25.237823439878234,1373123.4120117282,1771602.6972627686,-398479.2852510405,-2.5237823439878236e-07
2025-08-28,314.5,63.84,0.8696033484032266,1.1114480669558828,0.25,0.012635275056590374,bull,-1.0,0.0,-39745.6279809221,195802.00501253133,-179766.77903538954,-3.1054730839577793,-0.17976677903539057,-179770.06427525255,1193353.3477364755,1771602.6972627686,-578249.3495262931,-0.0017977006427525254
2025-08-29,310.51,63.699,0.9028271697371498,-0.8063073459438086,0.25,0.01262431984520882,bear,-1.0,0.0,-40256.35245241699,196235.4197083157,130976.97293711158,-3.0554980847083995,-0.18619313835064644,130973.73124588853,1324327.0789823642,1771602.6972627686,-447275.6182804045,0.0013097373124588852
2025-09-01,308.88,63.9,0.9049581890606806,-0.5946840490840883,0.25,0.012601755170555532,bear,-1.0,0.0,-40468.79046879047,195618.15336463225,105061.17385881107,-3.076723473097997,-0.10506117385881082,105057.99207416411,1429385.0710565282,1771602.6972627686,-342217.6262062404,0.0010505799207416412
2025-09-02,307.47,63.65,0.889642565200331,-0.03339168316879941,0.25,0.0125644177345356,bear,0.0,1.0,0.0,-0.0,8156.456219835207,-2.840853654209819,-24.894034467097846,8128.7213317138985,1437513.7923882422,1771602.6972627686,-334088.90487452643,8.128721331713899e-05
2025-09-03,308.9,64.155,0.868781878200262,-0.11502327526518033,0.25,0.012528251684090757,bear,0.0,0.0,0.0,-0.0,0.0,0.0,-0.0,0.0,1437513.7923882422,1771602.6972627686,-334088.90487452643,0.0
2025-09-04,308.05,64.4,0.8539461437648181,-0.4171619886167847,0.25,0.012499453547472852,bear,-1.0,-1.0,-40577.82827463074,194099.37888198756,-0.0,-0.23782343987823484,-25.0,-25.237823439878234,1437488.5545648024,1771602.6972627686,-334114.1426979662,-2.5237823439878236e-07
2025-09-05,310.78,64.592,0.8541254860061535,0.6042344536001625,0.25,0.012472636485294855,bull,-1.0,0.0,-40221.378467082824,193522.41763685906,-73510.39044440008,-3.116996378506029,-0.14804455193508095,-73513.65548533053,1363974.8990794718,1771602.6972627686,-407627.7981832968,-0.0007351365548533053
2025-09-08,312.86,64.66,0.852891709481455,0.5527588802585496,0.25,0.012444466365104798,bull,-1.0,0.0,-39953.973023077415,193318.89885555214,-70500.94281222792,-3.110805281707352,-0.09681999161083794,-70504.15043750124,1293470.7486419706,1771602.6972627686,-478131.94862079807,-0.0007050415043750125
2025-09-09,313.73,64.479,0.850306030325071,0.49308457874696415,0.25,0.012414831507884222,bear,-1.0,0.0,-39843.17725432697,193861.56733199957,-69750.67722293196,-3.0996407815517686,-0.06975067722293146,-69753.84661439074,1223716.9020275797,1771602.6972627686,-547885.7952351889,-0.0006975384661439075
2025-09-10,310.25,64.698,0.8432529228729687,-1.0746783670401858,0.25,0.012423595780507538,bear,-1.0,0.0,-40290.088638195004,193205.35410677304,181109.94009076533,-3.060048495393062,-0.18110994009076384,181106.69893232986,1404823.6009599096,1771602.6972627686,-366779.096302859,0.0018110669893232987
2025-09-11,307.79,64.447,0.8641142694586428,-0.29750061553814056,0.25,0.012392562812953718,bear,-1.0,0.0,-40612.10565645407,193957.82581035577,50619.07416916067,-3.0690760384969655,-0.14760816193075454,50615.85748496024,1455439.4584448698,1771602.6972627686,-316163.2388178988,0.0005061585748496024
2025-09-15,302.5,63.215,0.858708498148524,0.011333267410065788,0.25,0.012357390615438063,bear,0.0,1.0,0.0,-0.0,-24118.00247571533,-2.8048314979628666,-24.546205919678997,-24145.353513132974,1431294.1049317368,1771602.6972627686,-340308.5923310318,-0.00024145353513132975
2025-09-16,302.0,62.827,0.8523321807173622,0.36486427574031854,0.25,0.012325633281983947,bear,-1.0,-1.0,-41390.72847682119,198959.0462699158,0.0,-0.23782343987823484,-25.0,-25.237823439878234,1431268.867108297,1771602.6972627686,-340333.83015447157,-2.5237823439878236e-07
2025-09-17,304.3,62.998,0.8516283738596787,0.4994281313696637,0.25,0.012297698454074864,bear,-1.0,0.0,-41077.88366743345,198418.9974284898,-61176.67858453373,-3.1134395758363826,-0.12922067240884397,-61179.921244781974,1370088.9458635151,1771602.6972627686,-401513.7513992535,-0.0006117992124478198
2025-09-18,302.86,62.275,0.829894198178441,0.44673866381575184,0.25,0.012268756046641521,bear,-1.0,0.0,-41273.195535891165,200722.6013649137,-84304.78265969385,-3.07819966077296,-0.2026090876219011,-84308.06346844224,1285780.8823950728,1771602.6972627686,-485821.8148676958,-0.0008430806346844224
2025-09-19,297.4,61.307,0.8527493094969948,-0.33454187496702437,0.25,0.012239580796644892,bear,-1.0,0.0,-42030.934767989245,203891.88836511326,31052.169504731544,-3.0402545705572375,-0.41965112574720426,31048.70959903524,1316829.5919941082,1771602.6972627686,-454773.10526866047,0.0003104870959903524
2025-09-22,298.01,61.449,0.8625850106575143,0.05537994630949236,0.25,0.012205729358429758,bear,0.0,1.0,0.0,-0.0,3313.7779393712335,-2.8597349018740807,-25.054591518356315,3285.8636129510032,1320115.4556070592,1771602.6972627686,-451487.24165570945,3.285863612951003e-05
2025-09-23,298.6,61.395,0.8607813810012013,0.27509894181281314,0.25,0.012173974747431614,bear,-1.0,-1.0,-41862.022772940385,203599.64166463065,0.0,-0.23782343987823484,-25.0,-25.237823439878234,1320090.2177836194,1771602.6972627686,-451512.4794791492,-2.5237823439878236e-07
2025-09-24,293.53,61.0,0.8559758310448974,-0.9083927880198454,0.25,0.012169584454995629,bear,-1.0,0.0,-42585.08499982966,204918.03278688525,131818.5970012801,-3.0432479934264514,-0.29266231391634,131815.26109097278,1451905.478874592,1771602.6972627686,-319697.2183881765,0.0013181526109097277
2025-09-25,290.97,60.684,0.814356871667939,-0.34734319512324113,0.25,0.012140667331493306,bear,-1.0,0.0,-42959.7553012338,205985.10315733968,44263.71923890535,-3.0668148057230833,-0.17377191596021954,44260.47865218367,1496165.9575267758,1771602.6972627686,-275436.73973599286,0.00044260478652183673
2025-09-26,291.98,60.381,0.8270815355047824,0.6768062491261576,0.25,0.012121259126526283,bear,-1.0,0.0,-42811.15144872936,207018.76418078534,-105802.8391109191,-3.1016109633609394,-0.10580283911091948,-105806.04652472158,1390359.911002054,1771602.6972627686,-381242.7862607145,-0.0010580604652472157
2025-09-29,287.71,60.001,0.837631922452577,-0.7491263994939363,0.25,0.012107379352228128,bear,-1.0,0.0,-43446.52601577978,208329.8611689805,104136.48629737705,-3.0499687328722813,-0.2614707470747754,104133.1748578971,1494493.085859951,1771602.6972627686,-277109.61140281754,0.001041331748578971
2025-09-30,289.15,59.729,0.7976565475488214,0.7560326853730943,0.25,0.012092057324997539,bear,-1.0,0.0,-43230.15735777278,209278.5748966164,-119228.71970068516,-3.1059885077920986,-0.11922871970068746,-119231.94491791267,1375261.1409420385,1771602.6972627686,-396341.55632073013,-0.0011923194491791267
2025-10-01,286.3,59.815,0.7379936545596881,-0.8808264445079881,0.25,0.01208529226240645,bear,-1.0,0.0,-43660.49598323437,208977.6811836496,141203.90591075967,-3.063575506437675,-0.1412039059107599,141200.7011313473,1516461.8420733858,1771602.6972627686,-255140.8551893828,0.001412007011313473
2025-10-02,285.05,59.559,0.7030599362356557,-0.06269356039991171,0.25,0.012053569424150335,bear,0.0,1.0,0.0,-0.0,1077.333596028613,-2.8414210913289857,-24.89192609363794,1049.600248843646,1517511.4423222295,1771602.6972627686,-254091.25494053913,1.0496002488436461e-05
2025-10-03,283.7,59.54,0.703391377381965,-0.33137396067464575,0.25,0.012025839604523914,bear,-1.0,-1.0,-44060.62742333451,209942.8955324152,0.0,-0.23782343987823484,-25.0,-25.237823439878234,1517486.2044987897,1771602.6972627686,-254116.4927639789,-2.5237823439878236e-07
2025-10-06,290.0,59.5,0.7014928946870612,1.9372177478814767,0.25,0.012107722060461845,bear,-1.0,0.0,-43103.44827586207,210084.03361344538,-285979.66858830437,-3.1550795934780083,-0.28597966858830337,-285983.10964756645,1231503.0948512233,1771602.6972627686,-540099.6024115453,-0.0028598310964756644
2025-10-07,293.67,59.6,0.6844725154012918,1.0041403349476767,0.25,0.012105059988975334,bear,-1.0,0.0,-42564.78360064017,209731.54362416107,-137181.25181106967,-3.1278210780454527,-0.17919805853376086,-137184.55883020625,1094318.536021017,1771602.6972627686,-677284.1612417516,-0.0013718455883020625
2025-10-08,280.22,58.934,0.7827607779458937,-2.938300079536448,0.25,0.01236246961217557,bear,1.0,2.0,44607.8081507387,-212101.6730579971,432815.1313749177,-2.9609977916068626,-49.2878224525177,432762.8825546736,1527081.4185756906,1771602.6972627686,-244521.27868707804,0.004327628825546736
2025-10-09,289.45,59.17,0.8131516660340422,2.382912139284908,0.25,0.012515384800589847,bear,-1.0,-2.0,-43185.35152876144,211255.7039040054,361674.0743896283,2.7100601375718374,-50.46178606407301,361626.3226637018,1888707.7412393924,1888707.7412393924,0.0,0.003616263226637018
2025-10-10,285.75,59.02,0.8025940738244507,-0.7954809346907039,0.25,0.012506454331392036,bear,-1.0,0.0,-43744.53193350831,211792.61267366994,128097.44507081635,-3.0552239420114726,-0.19147415624201822,128094.1983727181,2016801.9396121106,2016801.9396121106,0.0,0.0012809419837271812
