dt,z,beta,pos_dir,pos_change,hedge_close,sber_close,sber_qty,hedge_qty,pnl_price,pnl_carry,pnl_commission,pnl_total,pnl_cum
2025-01-03,0.0,0.0,0.0,0.0,59.005,273.2,0.0,-0.0,0.0,0.0,-0.0,0.0,0.0
2025-01-06,0.0,0.0,0.0,0.0,58.743,272.44,0.0,-0.0,0.0,0.0,-0.0,0.0,0.0
2025-01-08,0.0,0.0,0.0,0.0,58.632,276.98,0.0,-0.0,0.0,0.0,-0.0,0.0,0.0
2025-01-09,0.0,0.0,0.0,0.0,57.651,271.8,0.0,-0.0,0.0,0.0,-0.0,0.0,0.0
2025-01-10,0.0,0.0,0.0,0.0,57.071,278.17,0.0,-0.0,0.0,0.0,-0.0,0.0,0.0
2025-01-13,0.0,0.0,0.0,0.0,56.86,281.8,0.0,-0.0,0.0,0.0,-0.0,0.0,0.0
2025-01-14,0.0,0.0,0.0,0.0,56.353,279.73,0.0,-0.0,0.0,0.0,-0.0,0.0,0.0
2025-01-15,0.0,0.0,0.0,0.0,55.451,277.24,0.0,-0.0,0.0,0.0,-0.0,0.0,0.0
2025-01-16,0.0,0.0,0.0,0.0,55.351,282.7,0.0,-0.0,0.0,0.0,-0.0,0.0,0.0
2025-01-17,0.0,0.0,0.0,0.0,54.597,283.9,0.0,-0.0,0.0,0.0,-0.0,0.0,0.0
2025-01-20,0.0,0.0,0.0,0.0,54.814,280.5,0.0,-0.0,-0.0,0.0,-0.0,0.0,0.0
2025-01-21,0.0,0.0,0.0,0.0,54.339,281.08,0.0,-0.0,0.0,0.0,-0.0,0.0,0.0
2025-01-22,0.0,0.0,0.0,0.0,54.149,283.87,0.0,-0.0,0.0,0.0,-0.0,0.0,0.0
2025-01-23,0.0,0.0,0.0,0.0,53.4,278.51,0.0,-0.0,0.0,0.0,-0.0,0.0,0.0
2025-01-24,0.0,0.0,0.0,0.0,53.385,280.72,0.0,-0.0,0.0,0.0,-0.0,0.0,0.0
2025-01-27,0.0,0.0,0.0,0.0,52.789,276.52,0.0,-0.0,0.0,0.0,-0.0,0.0,0.0
2025-01-28,0.0,0.0,0.0,0.0,52.788,278.7,0.0,-0.0,0.0,0.0,-0.0,0.0,0.0
2025-01-29,0.0,0.0,0.0,0.0,52.44,282.0,0.0,-0.0,0.0,0.0,-0.0,0.0,0.0
2025-01-30,0.0,0.0,0.0,0.0,52.33,282.5,0.0,-0.0,0.0,0.0,-0.0,0.0,0.0
2025-01-31,0.0,0.0,0.0,0.0,52.15,280.95,0.0,-0.0,0.0,0.0,-0.0,0.0,0.0
2025-02-03,0.0,0.0,0.0,0.0,52.05,279.22,0.0,-0.0,0.0,0.0,-0.0,0.0,0.0
2025-02-04,0.0,0.0,0.0,0.0,51.612,278.0,0.0,-0.0,0.0,0.0,-0.0,0.0,0.0
2025-02-05,0.0,0.0,0.0,0.0,51.934,280.79,0.0,-0.0,0.0,0.0,-0.0,0.0,0.0
2025-02-06,0.0,0.0,0.0,0.0,52.136,287.15,0.0,-0.0,0.0,0.0,-0.0,0.0,0.0
2025-02-07,-1.0485353694669375,0.6190002015523731,0.0,0.0,52.85,286.3,0.0,-0.0,-0.0,0.0,-0.0,0.0,0.0
2025-02-10,1.7611634383435781,0.6772894768229083,-1.0,-1.0,52.802,293.5,-42589.43781942078,236733.45706602023,0.0,-0.23782343987823484,-25.0,-25.237823439878234,-25.237823439878234
2025-02-11,-0.10537027754738126,0.6680725015296195,0.0,1.0,52.705,293.5,0.0,-0.0,-22963.14533540427,-2.853881278538813,-24.977036854664593,-22990.976253537472,-23016.21407697735
2025-02-12,-0.6751569026088754,0.48819249883003,-1.0,-1.0,53.575,294.0,-42517.00680272109,233317.77881474566,0.0,-0.23782343987823484,-25.0,-25.237823439878234,-23041.45190041723
2025-02-13,0.7677689041295277,0.7415830927962193,-1.0,0.0,56.8,310.75,-40225.26146419952,220070.42253521128,40289.97273197526,-3.2542982946603303,-1.4646097006231305,40285.25382397997,17243.80192356274
2025-02-14,1.3209218012092183,0.6518281802412618,-1.0,0.0,54.71,309.57,-40378.589656620476,228477.42643026868,-412481.37457083503,-3.080867775830802,-0.5074129916263462,-412484.96285160247,-395241.16092803975
2025-02-17,1.3106672954916443,0.6815001485805411,-1.0,0.0,55.35,318.5,-39246.46781789639,225835.59168925023,-214355.25271824904,-3.1740291032649064,-0.5068063585489933,-214358.93355371087,-609600.0944817506
2025-02-18,-1.6933756155125075,0.6599077221845974,1.0,2.0,55.567,313.03,39932.27486183433,-224953.6595461335,263684.50236046134,-3.0426914355485786,-49.834328144432675,263631.62534088135,-345968.4691408693
2025-02-19,0.03640805145849013,0.6581067387930492,0.0,-1.0,55.799,315.0,0.0,-0.0,26477.332463111896,2.8718416852689077,-25.130855830492518,26455.073448966672,-319513.3956919026
2025-02-20,-0.6606847396939446,0.6385187394870477,1.0,1.0,56.4,315.31,39643.5254194285,-221631.20567375887,0.0,-0.23782343987823484,-25.0,-25.237823439878234,-319538.6335153425
2025-02-21,-0.38074483101795986,0.6395832646213999,1.0,0.0,56.27,314.12,39793.7094104164,-222143.2379598365,-18363.738511532178,2.6052871091516465,-0.07598785198670631,-18361.20921227501,-337899.8427276175
2025-02-24,0.0002996286301543643,0.6387794021648175,0.0,-1.0,56.337,315.19,0.0,-0.0,27695.67212583619,2.8636025728468364,-25.057462866012454,27673.478265543024,-310226.3644620745
2025-02-25,-0.011215942039738105,0.637700091564995,0.0,0.0,56.45,316.38,0.0,-0.0,0.0,0.0,-0.0,0.0,-310226.3644620745
2025-02-26,-1.451345291738573,0.6142554559634573,1.0,1.0,56.847,312.53,39996.160368604615,-219888.47256671416,-0.0,-0.23782343987823484,-25.0,-25.237823439878234,-310251.60228551435
2025-02-27,-0.8313461311343873,0.6168750903922733,1.0,0.0,56.71,309.32,40411.22462175094,-220419.67906894727,-98262.95404158006,2.586745584143861,-0.15851239552486038,-98260.52580839144,-408512.1280939058
2025-02-28,-0.6686485269286827,0.6169821234402938,1.0,0.0,56.652,307.0,40716.612377850164,-220645.34350067074,-80969.699736463,2.5946528064408376,-0.10653838250846066,-80967.21162203906,-489479.33971594484
2025-03-03,-0.7720499571129468,0.61948867995303,1.0,0.0,56.51,303.95,41125.185063332785,-221199.78764820387,-92854.02897534755,2.5877049464796547,-0.15551730652953952,-92851.5967877076,-582330.9365036525
2025-03-04,2.428180679655702,0.6578226652410684,-1.0,-2.0,56.969,316.2,-39531.94180898166,219417.5779810072,402252.81449530035,2.7310769064746934,-50.605314219556355,402204.9402579873,-180125.99624566518
2025-03-05,-0.5001938980587474,0.6408833648834944,-1.0,0.0,57.75,317.5,-39370.07874015748,216450.21645021645,119973.60405148976,-3.1034379431548733,-0.2227566527548436,119970.27785689385,-60155.71838877133
2025-03-06,-1.1175926332122907,0.6109726470050688,-1.0,0.0,58.502,315.79,-39583.267361221064,213667.90878944308,230093.39741623178,-3.0763342082239724,-0.2300933974162333,230090.09098862615,169934.37259985483
2025-03-07,-0.8856986880949161,0.6045043866537998,-1.0,0.0,58.71,313.16,-39915.69804572742,212910.91807187872,148546.91818821503,-3.0679366834490085,-0.14854691818821367,148543.7017046134,318478.07430446823
2025-03-10,0.5191080780547411,0.6106557326812959,-1.0,0.0,59.262,317.6,-39357.682619647356,210927.74459181263,-59698.87254735266,-3.1321672068469626,-0.2947525260987047,-59702.2994670856,258775.77483738263
2025-03-11,0.8927023700571736,0.5990002106089926,-1.0,0.0,58.732,320.23,-39034.443993379755,212831.16529319622,-215302.4099233333,-3.115337299533411,-0.2153024099233345,-215305.74056304275,43470.03427433988
2025-03-12,-0.6356561326792995,0.5929414234406287,-1.0,0.0,59.011,318.97,-39188.63842994639,211824.9139990849,108563.29454846062,-3.080475631788815,-0.10856329454846203,108560.10550953427,152030.13978387415
2025-03-13,-1.1941843874158757,0.6080454478288599,-1.0,0.0,58.61,313.02,-39933.55057184845,213274.18529261218,148230.608144549,-3.0384690109608417,-0.31811418917181605,148227.25156134888,300257.39134522306
2025-03-14,1.2682672518431455,0.6211109356140965,-1.0,0.0,59.01,320.15,-39044.19803217242,211828.50364345027,-199416.5414602347,-3.156710703708664,-0.3700358896943255,-199420.06820682812,100837.32313839495
2025-03-17,0.49289878985082247,0.6276448256092697,-1.0,0.0,59.652,324.99,-38462.721929905536,209548.71588546905,-52980.019136620016,-3.134849448662645,-0.3249678178148098,-52983.47895388649,47853.84418450845
2025-03-18,0.4889190994297544,0.6289286939769478,-1.0,0.0,59.8,328.2,-38086.53260207191,209030.10033444816,-92452.12744394736,-3.119893151612252,-0.15447854734604616,-92455.40181564633,-44601.557631137875
2025-03-19,-0.5833820831305868,0.6308114619193633,-1.0,0.0,59.72,326.0,-38343.55828220859,209310.11386470194,67067.96369780226,-3.0725744965621256,-0.10051277975131516,67064.79061052595,22463.23297938807
2025-03-20,-0.5071677874506463,0.6291284454548297,-1.0,0.0,59.84,324.8,-38485.22167487685,208890.3743315508,71129.48360241506,-3.0811996339561687,-0.07112948360241417,71126.33127329749,93589.56425268555
2025-03-21,-0.34575222789409404,0.6351425020155272,-1.0,0.0,59.365,322.22,-38793.37098876543,210561.7788259075,68.944113694728,-3.0690353412660927,-0.19851479972866626,65.67656355373325,93655.24081623928
2025-03-24,0.14092110736255353,0.634653461925421,0.0,1.0,58.603,320.68,0.0,-0.0,-100706.28414264206,-2.8402416001546347,-24.779810133211953,-100733.90419437543,-7078.663378136145
2025-03-25,-0.6696700760301968,0.6395672968559586,-1.0,-1.0,58.356,317.55,-39363.87970398362,214202.48132154363,0.0,-0.23782343987823484,-25.0,-25.237823439878234,-7103.901201576024
2025-03-26,-0.3644820825926619,0.6415054166955649,-1.0,0.0,58.19,315.94,-39564.474267265934,214813.54184567797,27818.234424037088,-3.0772353471103315,-0.09893345822279148,27815.058255231754,20711.15705365573
2025-03-27,-0.4551156219020191,0.6466815671325409,-1.0,0.0,57.821,313.24,-39905.50376707956,216184.43126199825,27557.88358056244,-3.067315658937226,-0.18609027746267418,27554.63017462604,48265.78722828177
2025-03-28,-1.2028760595373513,0.65355682047419,-1.0,0.0,57.6,308.04,-40579.14556551097,217013.88888888888,159731.8602799124,-3.044328321250652,-0.2552853788977116,159728.56066621226,207994.347894494
2025-03-31,0.7024975065433543,0.6493279145231042,-1.0,0.0,57.301,310.05,-40316.07805192711,218146.28016963054,-146451.23536445433,-3.110326655080672,-0.14645123536445415,-146454.4921423448,61539.85575214922
2025-04-01,-1.2561218603253053,0.6396007451100946,-1.0,0.0,57.555,306.31,-40808.33142894453,217183.5635479107,206191.2870772934,-3.057279574144397,-0.2061912870772942,206188.0236064322,267727.8793585814
2025-04-02,-0.291020970962347,0.6427681530718724,-1.0,0.0,57.22,304.3,-41077.88366743345,218455.08563439356,9268.252383627885,-3.0729776074188333,-0.1547812399607281,9265.024624780506,276992.9039833619
2025-04-03,-0.9371558270002379,0.6611904900730776,-1.0,0.0,56.498,298.4,-41890.080428954425,221246.76979716096,84634.94180982633,-3.036371496125299,-0.4000840854658907,84631.50535424473,361624.40933760663
2025-04-04,-1.9424476341816546,0.6927707636156387,1.0,2.0,55.865,288.77,43287.04505315649,-223753.69193591693,263352.269249229,-2.9996039251451685,-49.45654932018757,263299.81309598364,624924.2224335903
2025-04-07,0.49754059465828776,0.685951371233844,1.0,0.0,55.151,288.15,43380.183931979875,-226650.46871316928,132922.16810928716,2.6099304487215464,-0.18659810397520185,132924.5914416319,757848.8138752222
2025-04-08,0.09298957118933686,0.6858267487538197,0.0,-1.0,55.8,290.91,0.0,-0.0,-27366.846542578947,2.88121673690691,-25.26682546184711,-27389.232151303888,730459.5817239183
2025-04-09,-0.8740080666261646,0.7109832370739942,1.0,1.0,54.707,283.72,44057.521500070485,-228489.95558155264,0.0,-0.23782343987823484,-25.0,-25.237823439878234,730434.3439004784
2025-04-10,1.095551134865897,0.7404531105363676,1.0,0.0,55.873,292.21,42777.45457034325,-223721.6544663791,107629.06932750664,2.7014570070477,-0.6404676457436851,107631.13031686794,838065.4742173464
2025-04-11,0.700647871142482,0.7534085169660416,1.0,0.0,56.794,298.55,41869.03366270306,-220093.6718667465,65161.41821244254,2.6779777158240434,-0.477256705739513,65163.61893345263,903229.093150799
2025-04-14,-0.43917707832854275,0.7530262466013692,1.0,0.0,56.8,297.07,42077.624802235165,-220070.42253521128,-63286.73185200182,2.60191031130423,-0.06328673185200188,-63284.193228422366,839944.8999223767
2025-04-15,0.24265910803730106,0.7524106381613663,0.0,-1.0,56.571,297.2,0.0,-0.0,55866.21798485359,2.8551301578137647,-24.955073964463725,55844.11804104694,895789.0179634236
2025-04-16,1.0210029871389983,0.7606231367889208,1.0,1.0,56.96,302.7,41295.01156260324,-219452.24719101124,0.0,-0.23782343987823484,-25.0,-25.237823439878234,895763.7801399837
2025-04-17,-0.6394535535032384,0.7573445911978729,1.0,0.0,57.149,301.24,41495.15336608684,-218726.48690265795,-101767.19160050101,2.602292834806377,-0.1017671916004999,-101764.69107485781,793999.0890651259
2025-04-18,0.23734886540553332,0.7564098168593743,0.0,-1.0,56.808,300.93,0.0,-0.0,61722.23449031959,2.8509444069535417,-24.912550770422705,61700.172883956126,855699.261949082
2025-04-21,1.4866013444828996,0.7641942016010298,1.0,1.0,57.05,307.68,40626.6250650026,-219106.04732690623,0.0,-0.23782343987823484,-25.0,-25.237823439878234,855674.0241256421
2025-04-22,0.5166670463644955,0.7652685342413728,1.0,0.0,57.151,310.33,40279.702252440955,-218718.83256635928,85530.84564223708,2.6406378743734216,-0.12979026720227338,85533.35648984424,941207.3806154864
2025-04-23,0.3562818550340512,0.7651286376585095,1.0,0.0,57.105,311.79,40091.086949549375,-218895.01794939148,68869.4315866192,2.629484406078059,-0.06886943158661897,68871.99220159369,1010079.3728170801
2025-04-24,-0.9522145090442269,0.7577025918854585,1.0,0.0,57.431,309.77,40352.51961132453,-217652.48733262526,-152343.77148959303,2.5975683419395525,-0.15234377148959133,-152341.32626502257,857738.0465520576
2025-04-25,1.3364896040612182,0.7655321110319586,1.0,0.0,57.722,316.37,39510.6994974239,-216555.21291708533,202989.75562094804,2.6768630051981903,-0.3296635032485393,202992.10282045,1060730.1493725076
2025-04-28,0.5004354671981258,0.7638817602001042,1.0,0.0,57.511,317.77,39336.62712024421,-217349.72440054946,101008.12922189725,2.6286868293675165,-0.1010081292218959,101010.6569005974,1161740.806273105
2025-04-29,-1.5685612951589387,0.7728985303571635,1.0,0.0,57.23,310.7,40231.73479240425,-218416.9142058361,-217034.6811835706,2.552562415432239,-0.33918522629667913,-217032.46780638146,944708.3384667237
2025-04-30,-1.3914405358923931,0.7644307608952879,1.0,0.0,57.49,306.62,40767.073250277215,-217429.11810749694,-220933.87564652722,2.578581702141626,-0.22093387564652803,-220931.51799870073,723776.820468023
2025-05-02,-1.0806545184977334,0.7751028520092584,1.0,0.0,57.029,300.75,41562.75976724854,-219186.7295586456,-139067.89653157166,2.56142251446443,-0.33953754342668396,-139065.67464660062,584711.1458214223
2025-05-05,-1.458333746368374,0.7967900909812662,1.0,0.0,56.33,292.41,42748.19602612769,-221906.62169359135,-193421.89249735742,2.5369177892407486,-0.49984494042034594,-193419.8554245086,391291.29039691377
2025-05-06,2.5398615756686933,0.8097670792457926,-1.0,-2.0,56.549,303.13,-41236.43321347277,221047.23337282712,409663.1112491908,2.7206835604414197,-50.50685821155098,409615.3250745397,800906.6154714534
2025-05-07,-0.5666711965519807,0.8036722051222128,-1.0,0.0,56.969,302.9,-41267.745130406074,219417.5779810072,102324.21765568724,-3.089539334937801,-0.10232421765568794,102321.02579213465,903227.6412635881
2025-05-08,-0.8228121416377815,0.7938485120526719,-1.0,0.0,57.471,301.95,-41397.58238118894,217501.00050460233,149351.98202034988,-3.082753951779174,-0.14935198202035124,149348.74991441608,1052576.3911780042
2025-05-12,2.1113908062233455,0.7935000483566866,-1.0,0.0,57.449,310.46,-40262.83579205051,217584.29215478076,-357078.4480750184,-3.1721370074727364,-0.3570784480750192,-357081.97729047394,695494.4138875303
2025-05-13,0.8125621234147128,0.7881272270945968,-1.0,0.0,57.087,312.5,-40000.0,218964.0373465062,-160901.69877581336,-3.1104572720736194,-0.16090169877581367,-160904.9701347842,534589.4437527461
2025-05-14,-0.5835853963005218,0.7852237564000809,-1.0,0.0,57.28,311.2,-40167.09511568124,218226.25698324022,94260.05920787567,-3.079832572298326,-0.09426005920787618,94256.88511524416,628846.3288679903
2025-05-15,-1.9756829627272252,0.7914965706147333,1.0,2.0,57.12,302.51,41320.94806783247,-218837.5350140056,314135.85543795064,-3.0120124680619633,-49.616031742327415,314083.22739374026,942929.5562617306
2025-05-16,0.7971912580141312,0.7901599321240411,1.0,0.0,57.016,305.46,40921.8882996137,-219236.70548617933,144655.9004415617,2.6438881575647115,-0.1446559004415608,144658.3996738188,1087587.9559355495
2025-05-19,0.9033963945507032,0.7981275080640927,1.0,0.0,57.45,311.2,40167.09511568124,-217580.50478677108,139742.9086587802,2.669686066706191,-0.3300403690207874,139745.2483044779,1227333.2042400273
2025-05-20,-1.386612044753842,0.8007895585492293,1.0,0.0,57.35,305.2,40956.749672346006,-217959.8953792502,-219244.52021541,2.5610344206938915,-0.26276062117276494,-219242.2219416105,1008090.9822984168
2025-05-21,-0.7852787606765491,0.7944799555287729,1.0,0.0,57.687,303.58,41175.30799130378,-216686.60183403542,-139802.4192120072,2.6009094517954634,-0.1398024192120059,-139799.9581049746,868291.0241934422
2025-05-22,0.38575265941795994,0.7929284176529366,1.0,0.0,57.44,304.25,41084.63434675431,-217618.38440111422,81109.04700718091,2.6223563446775127,-0.08110904700718194,81111.58825447859,949402.6124479207
2025-05-23,-0.8057545227437547,0.7879770275605297,1.0,0.0,57.7,302.22,41360.59823969293,-216637.7816291161,-139982.58766820093,2.5970163300478126,-0.13998258766820135,-139980.13063445853,809422.4818134622
2025-05-26,-0.7844617157124213,0.7995946086629997,1.0,0.0,57.028,296.37,42177.0084691433,-219190.5730518342,-96378.9104474377,2.5608159437513986,-0.38754008895697273,-96376.73717158289,713045.7446418793
2025-05-27,0.8043644027917674,0.7994068936438745,1.0,0.0,56.999,299.5,41736.227045075124,-219302.09301917578,138370.56312692072,2.646198029644235,-0.13837056312692222,138373.07095438722,851418.8155962665
2025-05-28,1.4955064008245063,0.8064317545004862,1.0,0.0,57.22,306.54,40777.71253343772,-218455.08563439356,245357.27584009265,2.6831407241394203,-0.34228880095456854,245359.61669201584,1096778.4322882823
2025-05-29,-0.3118663754264561,0.8035309154494618,1.0,0.0,57.58,307.0,40716.612377850164,-217089.26710663424,-59886.08306300104,2.6203404294745916,-0.09740157859376088,-59883.56012415016,1036894.8721641322
2025-05-30,0.1658500208971114,0.8041845900661864,0.0,-1.0,57.894,309.19,0.0,-0.0,21003.351236008602,2.874239584727738,-25.157335410978973,20981.068140182353,1057875.9403043145
2025-06-02,-0.18378924042974015,0.8013928770517413,0.0,0.0,58.448,310.99,0.0,-0.0,0.0,0.0,-0.0,0.0,1057875.9403043145
2025-06-03,0.20940013159110804,0.8026106736807743,0.0,0.0,58.88,313.86,0.0,-0.0,0.0,0.0,-0.0,0.0,1057875.9403043145
2025-06-04,-0.40183682437219354,0.7988966360582479,1.0,1.0,59.297,314.17,39787.37626125982,-210803.24468354217,0.0,-0.23782343987823484,-25.0,-25.237823439878234,1057850.7024808747
2025-06-05,0.971777564583706,0.7974867741003037,1.0,0.0,59.221,318.0,39308.17610062893,-211073.77450566523,168406.6976765738,2.650849083199533,-0.16840669767657332,168409.1801189593,1226259.8825998341
2025-06-06,-0.704832549473708,0.8051576804107479,1.0,0.0,58.699,313.03,39932.27486183433,-212950.81687933355,-85181.12492816993,2.571454725596622,-0.3055421455120832,-85178.85901558984,1141081.0235842443
2025-06-09,-0.9658833257471506,0.801280266686789,1.0,0.0,58.898,310.12,40306.977944021666,-212231.31515501376,-158580.1324069251,2.5895274916633317,-0.1585801324069233,-158577.70145956587,982503.3221246784
2025-06-10,-0.5789859875168438,0.7971259529077056,1.0,0.0,59.244,309.38,40403.387420001294,-210991.83039632704,-103259.19872221042,2.6092479839394414,-0.1032591987222128,-103256.6927334252,879246.6293912532
2025-06-11,0.6823484129255989,0.7999939333289325,1.0,0.0,59.498,313.29,39899.13498675349,-210091.09549900837,104385.31989153948,2.6521257027729535,-0.21156916973287165,104387.76044807251,983634.3898393258
2025-06-13,-0.8472318103013791,0.8000884398574449,1.0,0.0,59.5,310.01,40321.27995871101,-210084.03361344538,-131289.34494755114,2.5861790343782602,-0.13128934494755,-131286.89005786172,852347.4997814641
2025-06-16,0.8617345440274177,0.7933314771590638,1.0,0.0,59.05,311.71,40101.376279233904,-211685.0127011008,163083.99105585928,2.6317076505166987,-0.16308399105586122,163086.45967951874,1015433.9594609828
2025-06-17,0.7459137732758653,0.7912645449107993,1.0,0.0,58.89,314.18,39786.109873321024,-212260.14603498048,132920.00144188426,2.6386720851011503,-0.1329200014418841,132922.50719396793,1148356.4666549508
2025-06-18,-0.50913987612129,0.7875209977388903,1.0,0.0,59.248,313.8,39834.289356277885,-210977.58574129085,-91107.85403238419,2.6126060757035314,-0.09110785403238622,-91105.33253416252,1057251.1341207882
2025-06-19,-0.6924929616892661,0.7821807205043121,1.0,0.0,59.642,312.8,39961.6368286445,-209583.85030683075,-122959.45813834763,2.606963252049556,-0.12295945813834672,-122956.97413455372,934294.1599862345
2025-06-20,-1.099059407029263,0.775973042653635,1.0,0.0,59.947,309.76,40353.82231404959,-208517.5238127012,-185406.4503026634,2.588321908076313,-0.185406450302665,-185404.04738720562,748890.1125990289
2025-06-23,0.7948671567054597,0.7690969565804918,1.0,0.0,59.436,310.97,40196.803550181685,-210310.24968032842,155380.57966829237,2.6272058124048705,-0.15538057966829383,155383.0514935251,904273.164092554
2025-06-24,-0.26768748763469874,0.7679778298981733,1.0,0.0,59.634,310.82,40216.20230358407,-209611.96632793374,-47670.949969233734,2.61468123579927,-0.047670949969232955,-47668.38295894791,856604.7811336061
2025-06-25,0.5227098349861072,0.7701803956244627,1.0,0.0,59.91,314.1,39796.24323463865,-208646.3027875146,74056.24084924799,2.646174081481527,-0.18976204626226664,74058.69726128322,930663.4783948893
2025-06-26,-0.47205675620326204,0.7675818598881988,1.0,0.0,60.199,313.51,39871.13648687442,-207644.64525988806,-83778.5650140301,2.6106971574942683,-0.0837785650140275,-83776.03809543762,846887.4402994517
2025-06-27,-0.07245234714772103,0.766727431610144,0.0,-1.0,60.512,314.59,0.0,-0.0,-21931.94656052172,2.863712517672562,-25.108053601372166,-21954.19090160542,824933.2493978463
2025-06-30,-0.2151631058009617,0.7664731191496715,0.0,0.0,61.257,316.78,0.0,-0.0,0.0,0.0,-0.0,0.0,824933.2493978463
2025-07-01,0.6583028239683999,0.7549638573975828,1.0,1.0,61.142,319.05,39178.81209841718,-204442.11834745345,0.0,-0.23782343987823484,-25.0,-25.237823439878234,824908.0115744064
2025-07-02,-0.6721910959350318,0.7766727083238593,1.0,0.0,61.649,318.54,39241.53952407861,-202760.79092929326,-123633.34817235087,2.6114959221833653,-0.12363334817235025,-123630.86030977686,701277.1512646296
2025-07-03,0.7163068940860529,0.7809058020667127,1.0,0.0,61.561,321.01,38939.59689729292,-203050.6327057715,114769.552226251,2.6381871999903663,-0.1147695522262521,114772.07564389877,816049.2269085284
2025-07-04,-0.47636579106906446,0.7803249794899864,1.0,0.0,61.579,319.27,39151.815078147025,-202991.2794946329,-71409.80998999406,2.6005886837287764,-0.07140980998999445,-71407.28081112032,744641.9460974081
2025-07-07,-1.5238091259735034,0.7885040431210295,1.0,0.0,61.5,313.0,39936.10223642173,-203252.0325203252,-229445.569459905,2.5600117472130934,-0.2615181916200588,-229443.27096634943,515198.67513105867
2025-07-08,0.5838589039535568,0.7931555192015879,1.0,0.0,61.522,315.3,39644.78274659055,-203179.3504762524,87381.49042832358,2.6370288512504803,-0.09632457985921736,87384.03113259497,602582.7062636537
2025-07-09,-0.6662182918464864,0.822598468792029,1.0,0.0,60.763,309.5,40387.72213247173,-205717.29506443065,-75726.61291875,2.5635601811422615,-0.3841528669417004,-75724.43351143581,526858.272752218
2025-07-10,0.5987402529879103,0.8321450683757696,1.0,0.0,61.344,314.22,39781.04512761759,-203768.90975482523,71108.30003283282,2.659580680775936,-0.31015179689770417,71110.64946171669,597968.9222139346
2025-07-11,-0.8120271387337178,0.8431400870055281,1.0,0.0,61.189,310.42,40268.023967527864,-204285.08392031246,-119583.79047294914,2.5815446031617313,-0.18275215249694615,-119581.39168049848,478387.5305334361
2025-07-14,1.598936653540547,0.8467864470064523,-1.0,-2.0,61.2,316.56,-39486.98508971443,204248.36601307188,244998.53123749653,2.6725066211173405,-50.24949280308374,244950.95425131454,723338.4847847506
2025-07-15,-0.34097084446508813,0.8306015990951578,-1.0,0.0,62.292,319.98,-39064.94155884742,200667.82251332432,87993.72667945025,-3.1225370218432627,-0.35808470469309905,87990.2460577237,811328.7308424744
2025-07-16,0.12043887304242662,0.8321185283961131,0.0,1.0,62.556,321.6,0.0,-0.0,-10308.900181816221,-2.8683299555537287,-25.116261510468846,-10336.884773282245,800991.8460691922
2025-07-17,0.8204092742048553,0.8277553218199247,-1.0,-1.0,62.8,325.92,-38352.97005400098,199044.58598726115,0.0,-0.23782343987823484,-25.0,-25.237823439878234,800966.6082457523
2025-07-18,-4.586859247381314,0.79051437646215,1.0,2.0,63.335,308.13,40567.29302567098,-197363.22728349254,788788.1907638636,-2.9359286140196326,-49.4241895162425,788735.8306457334,1589702.4388914858
2025-07-21,0.2810434675981292,0.8036054221313749,1.0,0.0,63.497,309.8,40348.61200774693,-196859.69415877917,35774.53653294558,2.6315252768689956,-0.09972022217279547,35777.06833800028,1625479.507229486
2025-07-22,0.3579251108154225,0.802846391362586,1.0,0.0,63.299,310.39,40271.91597667451,-197475.47354618556,62783.90052800804,2.621492925666187,-0.06278390052800711,62786.45923703318,1688265.9664665193
2025-07-23,0.5666977087249,0.8027970334647337,1.0,0.0,63.499,313.44,39880.04083716182,-196853.49375580717,83334.24901962002,2.6441010678224175,-0.16232443843809474,83336.73079624941,1771602.6972627686
2025-07-24,-0.8988067399331949,0.7998694852773592,1.0,0.0,63.699,310.39,40271.91597667451,-196235.4197083157,-161004.8233045046,2.5882874905890385,-0.16100482330450328,-161002.3960218373,1610600.3012409313
2025-07-25,-0.3730675693111185,0.8013798484757085,1.0,0.0,63.966,309.8,40348.61200774693,-195416.3149172998,-76155.28748835783,2.6106330828555007,-0.07615528748835894,-76152.75301056246,1534447.5482303689
2025-07-28,-1.390959681874276,0.7986179420798415,1.0,0.0,64.102,304.39,41065.73803344394,-195001.71601510092,-244862.60979066524,2.5662208544226983,-0.2448626097906649,-244860.28843242064,1289587.2597979482
2025-07-29,0.9118198708732745,0.7907179194189158,1.0,0.0,63.982,307.43,40659.66236216374,-195367.44709449532,148240.04954348342,2.6445600860627856,-0.14824004954348344,148242.54586351995,1437829.805661468
2025-07-30,-1.0333182115388477,0.8029406378203662,1.0,0.0,64.203,303.86,41137.36589218719,-194694.95194928584,-188331.20044080843,2.582917428927033,-0.18833120044080973,-188328.80585457996,1249500.9998068882
2025-07-31,0.5949718098721047,0.8062141670825301,1.0,0.0,64.038,305.35,40936.630096610446,-195196.6020175521,93419.34225099266,2.630052056738057,-0.09341934225099342,93421.87888370713,1342922.8786905953
2025-08-01,-0.16726603213998903,0.8074816241396506,0.0,-1.0,63.98,304.2,0.0,-0.0,-35755.72169408543,2.8431330765728076,-24.941601472471877,-35777.82016248132,1307145.0585281139
2025-08-04,0.8385041262044483,0.8223891581139314,1.0,1.0,64.072,307.69,40625.304689785175,-195093.02035210386,0.0,-0.23782343987823484,-25.0,-25.237823439878234,1307119.820704674
2025-08-05,-0.06645192094698729,0.7545213193151321,0.0,-1.0,64.235,307.76,0.0,-0.0,-28956.3909891076,2.8545305413991517,-25.034643933645675,-28978.571102499845,1278141.2496021744
2025-08-06,-0.5432839830927764,0.9227016346454974,1.0,1.0,64.099,304.67,41027.99750549775,-195010.84260284872,0.0,-0.23782343987823484,-25.0,-25.237823439878234,1278116.0117787346
2025-08-07,1.609403212140902,0.9145918737893081,-1.0,-2.0,64.656,313.1,-39923.34717342702,193330.85869834197,237244.97964155918,2.695022683174584,-50.45448705830113,237197.22017718406,1515313.2319559187
2025-08-08,0.627410983777426,0.9248970001724345,-1.0,0.0,64.8,316.0,-39556.962025316454,192901.23456790124,-87938.0631503779,-3.1181379848104123,-0.14361735045549837,-87941.32490571318,1427371.9070502056
2025-08-11,0.0017500963488309331,0.9233596852013274,0.0,1.0,65.3,317.98,0.0,-0.0,18127.83247382332,-2.871763192879024,-25.174773402094072,18099.78593722835,1445471.6929874339
2025-08-12,0.021320433004864185,0.9368485125368382,0.0,0.0,65.53,318.85,0.0,-0.0,0.0,0.0,-0.0,0.0,1445471.6929874339
2025-08-13,0.23821568297876372,0.9348150107433897,0.0,0.0,65.427,319.1,0.0,-0.0,0.0,0.0,-0.0,0.0,1445471.6929874339
2025-08-14,0.1956837478833799,0.9326262153076289,0.0,0.0,65.2,318.61,0.0,-0.0,0.0,0.0,-0.0,0.0,1445471.6929874339
2025-08-15,-0.23067072960404378,0.9285095944710337,0.0,0.0,65.772,319.99,0.0,-0.0,0.0,0.0,-0.0,0.0,1445471.6929874339
2025-08-18,-0.7822417417513273,0.9466008972006602,-1.0,-1.0,65.849,316.89,-39445.86449556629,189828.2434053668,-0.0,-0.23782343987823484,-25.0,-25.237823439878234,1445446.455163994
2025-08-19,-0.847379295953683,0.9198563668492944,-1.0,0.0,66.709,317.0,-39432.176656151416,187381.013056709,158913.24423410252,-3.0926953679820053,-0.16759133442312918,158909.9839474001,1604356.439111394
2025-08-20,0.2023734832333402,0.9121879077137146,0.0,1.0,66.036,314.66,0.0,-0.0,-33836.128411772166,-2.8328147732019646,-24.78162128483744,-33863.7428478302,1570492.6962635638
2025-08-21,-0.3048519131866446,0.9127752045865747,-1.0,-1.0,65.607,311.34,-40149.03321128028,190528.44970811042,0.0,-0.23782343987823484,-25.0,-25.237823439878234,1570467.458440124
2025-08-22,0.5996440654354156,0.8657819805106329,-1.0,0.0,65.28,312.0,-40064.10256410256,191482.8431372549,-88801.16497399774,-3.097754572736556,-0.08880116497399974,-88804.35152973546,1481663.1069103887
2025-08-25,0.5807707553606607,0.8700109625448249,-1.0,0.0,64.8,311.97,-40067.95525210757,192901.23456790124,-90709.84162896113,-3.0914303067556497,-0.09311368778280332,-90713.02617295567,1390950.080737433
2025-08-26,0.14637647615814908,0.9018735470092222,0.0,1.0,64.55,311.21,0.0,-0.0,-17773.662650371643,-2.846928847947122,-24.92132304536642,-17801.430902264958,1373148.649835168
2025-08-27,0.621946037341641,0.9039397302129657,-1.0,-1.0,64.456,312.99,-39937.37819099652,193930.74345289808,0.0,-0.23782343987823484,-25.0,-25.237823439878234,1373123.4120117282
2025-08-28,1.1114480669558828,0.8696033484032266,-1.0,0.0,63.84,314.5,-39745.6279809221,195802.00501253133,-179766.77903538954,-3.1054730839577793,-0.17976677903539057,-179770.06427525255,1193353.3477364755
2025-08-29,-0.8063073459438086,0.9028271697371498,-1.0,0.0,63.699,310.51,-40256.35245241699,196235.4197083157,130976.97293711158,-3.0554980847083995,-0.18619313835064644,130973.73124588853,1324327.0789823642
2025-09-01,-0.5946840490840883,0.9049581890606806,-1.0,0.0,63.9,308.88,-40468.79046879047,195618.15336463225,105061.17385881107,-3.076723473097997,-0.10506117385881082,105057.99207416411,1429385.0710565282
2025-09-02,-0.03339168316879941,0.889642565200331,0.0,1.0,63.65,307.47,0.0,-0.0,8156.456219835207,-2.840853654209819,-24.894034467097846,8128.7213317138985,1437513.7923882422
2025-09-03,-0.11502327526518033,0.868781878200262,0.0,0.0,64.155,308.9,0.0,-0.0,0.0,0.0,-0.0,0.0,1437513.7923882422
2025-09-04,-0.4171619886167847,0.8539461437648181,-1.0,-1.0,64.4,308.05,-40577.82827463074,194099.37888198756,-0.0,-0.23782343987823484,-25.0,-25.237823439878234,1437488.5545648024
2025-09-05,0.6042344536001625,0.8541254860061535,-1.0,0.0,64.592,310.78,-40221.378467082824,193522.41763685906,-73510.39044440008,-3.116996378506029,-0.14804455193508095,-73513.65548533053,1363974.8990794718
2025-09-08,0.5527588802585496,0.852891709481455,-1.0,0.0,64.66,312.86,-39953.973023077415,193318.89885555214,-70500.94281222792,-3.110805281707352,-0.09681999161083794,-70504.15043750124,1293470.7486419706
2025-09-09,0.49308457874696415,0.850306030325071,-1.0,0.0,64.479,313.73,-39843.17725432697,193861.56733199957,-69750.67722293196,-3.0996407815517686,-0.06975067722293146,-69753.84661439074,1223716.9020275797
2025-09-10,-1.0746783670401858,0.8432529228729687,-1.0,0.0,64.698,310.25,-40290.088638195004,193205.35410677304,181109.94009076533,-3.060048495393062,-0.18110994009076384,181106.69893232986,1404823.6009599096
2025-09-11,-0.29750061553814056,0.8641142694586428,-1.0,0.0,64.447,307.79,-40612.10565645407,193957.82581035577,50619.07416916067,-3.0690760384969655,-0.14760816193075454,50615.85748496024,1455439.4584448698
2025-09-15,0.011333267410065788,0.858708498148524,0.0,1.0,63.215,302.5,0.0,-0.0,-24118.00247571533,-2.8048314979628666,-24.546205919678997,-24145.353513132974,1431294.1049317368
2025-09-16,0.36486427574031854,0.8523321807173622,-1.0,-1.0,62.827,302.0,-41390.72847682119,198959.0462699158,0.0,-0.23782343987823484,-25.0,-25.237823439878234,1431268.867108297
2025-09-17,0.4994281313696637,0.8516283738596787,-1.0,0.0,62.998,304.3,-41077.88366743345,198418.9974284898,-61176.67858453373,-3.1134395758363826,-0.12922067240884397,-61179.921244781974,1370088.9458635151
2025-09-18,0.44673866381575184,0.829894198178441,-1.0,0.0,62.275,302.86,-41273.195535891165,200722.6013649137,-84304.78265969385,-3.07819966077296,-0.2026090876219011,-84308.06346844224,1285780.8823950728
2025-09-19,-0.33454187496702437,0.8527493094969948,-1.0,0.0,61.307,297.4,-42030.934767989245,203891.88836511326,31052.169504731544,-3.0402545705572375,-0.41965112574720426,31048.70959903524,1316829.5919941082
2025-09-22,0.05537994630949236,0.8625850106575143,0.0,1.0,61.449,298.01,0.0,-0.0,3313.7779393712335,-2.8597349018740807,-25.054591518356315,3285.8636129510032,1320115.4556070592
2025-09-23,0.27509894181281314,0.8607813810012013,-1.0,-1.0,61.395,298.6,-41862.022772940385,203599.64166463065,0.0,-0.23782343987823484,-25.0,-25.237823439878234,1320090.2177836194
2025-09-24,-0.9083927880198454,0.8559758310448974,-1.0,0.0,61.0,293.53,-42585.08499982966,204918.03278688525,131818.5970012801,-3.0432479934264514,-0.29266231391634,131815.26109097278,1451905.478874592
2025-09-25,-0.34734319512324113,0.814356871667939,-1.0,0.0,60.684,290.97,-42959.7553012338,205985.10315733968,44263.71923890535,-3.0668148057230833,-0.17377191596021954,44260.47865218367,1496165.9575267758
2025-09-26,0.6768062491261576,0.8270815355047824,-1.0,0.0,60.381,291.98,-42811.15144872936,207018.76418078534,-105802.8391109191,-3.1016109633609394,-0.10580283911091948,-105806.04652472158,1390359.911002054
2025-09-29,-0.7491263994939363,0.837631922452577,-1.0,0.0,60.001,287.71,-43446.52601577978,208329.8611689805,104136.48629737705,-3.0499687328722813,-0.2614707470747754,104133.1748578971,1494493.085859951
2025-09-30,0.7560326853730943,0.7976565475488214,-1.0,0.0,59.729,289.15,-43230.15735777278,209278.5748966164,-119228.71970068516,-3.1059885077920986,-0.11922871970068746,-119231.94491791267,1375261.1409420385
2025-10-01,-0.8808264445079881,0.7379936545596881,-1.0,0.0,59.815,286.3,-43660.49598323437,208977.6811836496,141203.90591075967,-3.063575506437675,-0.1412039059107599,141200.7011313473,1516461.8420733858
2025-10-02,-0.06269356039991171,0.7030599362356557,0.0,1.0,59.559,285.05,0.0,-0.0,1077.333596028613,-2.8414210913289857,-24.89192609363794,1049.600248843646,1517511.4423222295
2025-10-03,-0.33137396067464575,0.703391377381965,-1.0,-1.0,59.54,283.7,-44060.62742333451,209942.8955324152,0.0,-0.23782343987823484,-25.0,-25.237823439878234,1517486.2044987897
2025-10-06,1.9372177478814767,0.7014928946870612,-1.0,0.0,59.5,290.0,-43103.44827586207,210084.03361344538,-285979.66858830437,-3.1550795934780083,-0.28597966858830337,-285983.10964756645,1231503.0948512233
2025-10-07,1.0041403349476767,0.6844725154012918,-1.0,0.0,59.6,293.67,-42564.78360064017,209731.54362416107,-137181.25181106967,-3.1278210780454527,-0.17919805853376086,-137184.55883020625,1094318.536021017
2025-10-08,-2.938300079536448,0.7827607779458937,1.0,2.0,58.934,280.22,44607.8081507387,-212101.6730579971,432815.1313749177,-2.9609977916068626,-49.2878224525177,432762.8825546736,1527081.4185756906
2025-10-09,2.382912139284908,0.8131516660340422,-1.0,-2.0,59.17,289.45,-43185.35152876144,211255.7039040054,361674.0743896283,2.7100601375718374,-50.46178606407301,361626.3226637018,1888707.7412393924
2025-10-10,-0.7954809346907039,0.8025940738244507,-1.0,0.0,59.02,285.75,-43744.53193350831,211792.61267366994,128097.44507081635,-3.0552239420114726,-0.19147415624201822,128094.1983727181,2016801.9396121106
